[
  {
    "model": "contenttypes.contenttype",
    "pk": 1,
    "fields": {
      "app_label": "admin",
      "model": "logentry"
    }
  },
  {
    "model": "contenttypes.contenttype",
    "pk": 2,
    "fields": {
      "app_label": "auth",
      "model": "permission"
    }
  },
  {
    "model": "contenttypes.contenttype",
    "pk": 3,
    "fields": {
      "app_label": "auth",
      "model": "group"
    }
  },
  {
    "model": "contenttypes.contenttype",
    "pk": 4,
    "fields": {
      "app_label": "auth",
      "model": "user"
    }
  },
  {
    "model": "contenttypes.contenttype",
    "pk": 5,
    "fields": {
      "app_label": "contenttypes",
      "model": "contenttype"
    }
  },
  {
    "model": "contenttypes.contenttype",
    "pk": 6,
    "fields": {
      "app_label": "sessions",
      "model": "session"
    }
  },
  {
    "model": "contenttypes.contenttype",
    "pk": 7,
    "fields": {
      "app_label": "core",
      "model": "branchoffice"
    }
  },
  {
    "model": "contenttypes.contenttype",
    "pk": 8,
    "fields": {
      "app_label": "core",
      "model": "city"
    }
  },
  {
    "model": "contenttypes.contenttype",
    "pk": 9,
    "fields": {
      "app_label": "core",
      "model": "customer"
    }
  },
  {
    "model": "contenttypes.contenttype",
    "pk": 10,
    "fields": {
      "app_label": "core",
      "model": "departament"
    }
  },
  {
    "model": "contenttypes.contenttype",
    "pk": 11,
    "fields": {
      "app_label": "core",
      "model": "district"
    }
  },
  {
    "model": "contenttypes.contenttype",
    "pk": 12,
    "fields": {
      "app_label": "core",
      "model": "employee"
    }
  },
  {
    "model": "contenttypes.contenttype",
    "pk": 13,
    "fields": {
      "app_label": "core",
      "model": "maritalstatus"
    }
  },
  {
    "model": "contenttypes.contenttype",
    "pk": 14,
    "fields": {
      "app_label": "core",
      "model": "meanspayment"
    }
  },
  {
    "model": "contenttypes.contenttype",
    "pk": 15,
    "fields": {
      "app_label": "core",
      "model": "product"
    }
  },
  {
    "model": "contenttypes.contenttype",
    "pk": 16,
    "fields": {
      "app_label": "core",
      "model": "productgroup"
    }
  },
  {
    "model": "contenttypes.contenttype",
    "pk": 17,
    "fields": {
      "app_label": "core",
      "model": "sale"
    }
  },
  {
    "model": "contenttypes.contenttype",
    "pk": 18,
    "fields": {
      "app_label": "core",
      "model": "state"
    }
  },
  {
    "model": "contenttypes.contenttype",
    "pk": 19,
    "fields": {
      "app_label": "core",
      "model": "zone"
    }
  },
  {
    "model": "contenttypes.contenttype",
    "pk": 20,
    "fields": {
      "app_label": "core",
      "model": "supplier"
    }
  },
  {
    "model": "contenttypes.contenttype",
    "pk": 21,
    "fields": {
      "app_label": "core",
      "model": "saleitem"
    }
  },
  {
    "model": "contenttypes.contenttype",
    "pk": 22,
    "fields": {
      "app_label": "core",
      "model": "meanspaymentsale"
    }
  },
  {
    "model": "contenttypes.contenttype",
    "pk": 23,
    "fields": {
      "app_label": "core",
      "model": "movementstock"
    }
  },
  {
    "model": "contenttypes.contenttype",
    "pk": 24,
    "fields": {
      "app_label": "core",
      "model": "stockaddress"
    }
  },
  {
    "model": "contenttypes.contenttype",
    "pk": 25,
    "fields": {
      "app_label": "core",
      "model": "movementstockitem"
    }
  },
  {
    "model": "sessions.session",
    "pk": "qx95eewbqsjsk8xr2est0k197dgb488r",
    "fields": {
      "session_data": "NjE3ZDcwOTA3N2ZiMjdlZDc0OGQwN2JjZDY5ZjFkMTFlNWY3ZjczMDp7Il9hdXRoX3VzZXJfaWQiOiIxIiwiX2F1dGhfdXNlcl9iYWNrZW5kIjoiZGphbmdvLmNvbnRyaWIuYXV0aC5iYWNrZW5kcy5Nb2RlbEJhY2tlbmQiLCJfYXV0aF91c2VyX2hhc2giOiJiNGQ3YjIxMTI2OWUyZDEwZTE4NWZjYzY2OWVkMjM5NWJhNDdmYTlkIn0=",
      "expire_date": "2019-06-04T23:42:50.051Z"
    }
  },
  {
    "model": "sessions.session",
    "pk": "ycejqp0tawlwliki6908y3cppubacyh3",
    "fields": {
      "session_data": "NjE3ZDcwOTA3N2ZiMjdlZDc0OGQwN2JjZDY5ZjFkMTFlNWY3ZjczMDp7Il9hdXRoX3VzZXJfaWQiOiIxIiwiX2F1dGhfdXNlcl9iYWNrZW5kIjoiZGphbmdvLmNvbnRyaWIuYXV0aC5iYWNrZW5kcy5Nb2RlbEJhY2tlbmQiLCJfYXV0aF91c2VyX2hhc2giOiJiNGQ3YjIxMTI2OWUyZDEwZTE4NWZjYzY2OWVkMjM5NWJhNDdmYTlkIn0=",
      "expire_date": "2019-06-06T23:04:20.129Z"
    }
  },
  {
    "model": "core.zone",
    "pk": 1,
    "fields": {
      "active": true,
      "created_at": "2019-05-15T23:20:37.889Z",
      "modified_at": "2019-05-15T23:20:37.889Z",
      "name": "Zona Norte"
    }
  },
  {
    "model": "core.zone",
    "pk": 2,
    "fields": {
      "active": true,
      "created_at": "2019-05-15T23:20:37.889Z",
      "modified_at": "2019-05-15T23:20:37.889Z",
      "name": "Zona Sul"
    }
  },
  {
    "model": "core.zone",
    "pk": 3,
    "fields": {
      "active": true,
      "created_at": "2019-05-15T23:20:37.889Z",
      "modified_at": "2019-05-15T23:20:37.889Z",
      "name": "Zona Oeste"
    }
  },
  {
    "model": "core.zone",
    "pk": 4,
    "fields": {
      "active": true,
      "created_at": "2019-05-15T23:20:37.889Z",
      "modified_at": "2019-05-15T23:20:37.889Z",
      "name": "Zona Leste"
    }
  },
  {
    "model": "core.zone",
    "pk": 5,
    "fields": {
      "active": true,
      "created_at": "2019-05-15T23:20:37.889Z",
      "modified_at": "2019-05-15T23:20:37.889Z",
      "name": "Zona Centro-Oeste"
    }
  },
  {
    "model": "core.zone",
    "pk": 6,
    "fields": {
      "active": true,
      "created_at": "2019-05-15T23:20:37.889Z",
      "modified_at": "2019-05-15T23:20:37.889Z",
      "name": "Zona Centro-Sul"
    }
  },
  {
    "model": "core.meanspayment",
    "pk": 1,
    "fields": {
      "active": true,
      "created_at": "2019-05-15T23:20:37.889Z",
      "modified_at": "2019-05-15T23:20:37.889Z",
      "description": "Dinheiro"
    }
  },
  {
    "model": "core.meanspayment",
    "pk": 2,
    "fields": {
      "active": true,
      "created_at": "2019-05-15T23:20:37.889Z",
      "modified_at": "2019-05-15T23:20:37.889Z",
      "description": "D\u00e9bito Visa"
    }
  },
  {
    "model": "core.meanspayment",
    "pk": 3,
    "fields": {
      "active": true,
      "created_at": "2019-05-15T23:20:37.889Z",
      "modified_at": "2019-05-15T23:20:37.889Z",
      "description": "Cr\u00e9dito Visa"
    }
  },
  {
    "model": "core.meanspayment",
    "pk": 4,
    "fields": {
      "active": true,
      "created_at": "2019-05-15T23:20:37.889Z",
      "modified_at": "2019-05-15T23:20:37.889Z",
      "description": "D\u00e9bito Master"
    }
  },
  {
    "model": "core.meanspayment",
    "pk": 5,
    "fields": {
      "active": true,
      "created_at": "2019-05-15T23:20:37.889Z",
      "modified_at": "2019-05-15T23:20:37.889Z",
      "description": "Cr\u00e9dito Master"
    }
  },
  {
    "model": "core.state",
    "pk": 1,
    "fields": {
      "active": true,
      "created_at": "2019-05-15T23:20:37.889Z",
      "modified_at": "2019-05-15T23:20:37.889Z",
      "name": "Acre",
      "abbreviation": "AC"
    }
  },
  {
    "model": "core.state",
    "pk": 2,
    "fields": {
      "active": true,
      "created_at": "2019-05-15T23:20:37.889Z",
      "modified_at": "2019-05-15T23:20:37.889Z",
      "name": "Alagoas",
      "abbreviation": "AL"
    }
  },
  {
    "model": "core.state",
    "pk": 3,
    "fields": {
      "active": true,
      "created_at": "2019-05-15T23:20:37.889Z",
      "modified_at": "2019-05-15T23:20:37.889Z",
      "name": "Amap\u00e1",
      "abbreviation": "AP"
    }
  },
  {
    "model": "core.state",
    "pk": 4,
    "fields": {
      "active": true,
      "created_at": "2019-05-15T23:20:37.889Z",
      "modified_at": "2019-05-15T23:20:37.889Z",
      "name": "Amazonas",
      "abbreviation": "AM"
    }
  },
  {
    "model": "core.state",
    "pk": 5,
    "fields": {
      "active": true,
      "created_at": "2019-05-15T23:20:37.889Z",
      "modified_at": "2019-05-15T23:20:37.889Z",
      "name": "Bahia",
      "abbreviation": "BA"
    }
  },
  {
    "model": "core.state",
    "pk": 6,
    "fields": {
      "active": true,
      "created_at": "2019-05-15T23:20:37.889Z",
      "modified_at": "2019-05-15T23:20:37.889Z",
      "name": "Cear\u00e1",
      "abbreviation": "CE"
    }
  },
  {
    "model": "core.state",
    "pk": 7,
    "fields": {
      "active": true,
      "created_at": "2019-05-15T23:20:37.889Z",
      "modified_at": "2019-05-15T23:20:37.889Z",
      "name": "Distrito Federal",
      "abbreviation": "DF"
    }
  },
  {
    "model": "core.state",
    "pk": 8,
    "fields": {
      "active": true,
      "created_at": "2019-05-15T23:20:37.889Z",
      "modified_at": "2019-05-15T23:20:37.889Z",
      "name": "Esp\u00edrito Santo",
      "abbreviation": "ES"
    }
  },
  {
    "model": "core.state",
    "pk": 9,
    "fields": {
      "active": true,
      "created_at": "2019-05-15T23:20:37.889Z",
      "modified_at": "2019-05-15T23:20:37.889Z",
      "name": "Goi\u00e1s",
      "abbreviation": "GO"
    }
  },
  {
    "model": "core.state",
    "pk": 10,
    "fields": {
      "active": true,
      "created_at": "2019-05-15T23:20:37.889Z",
      "modified_at": "2019-05-15T23:20:37.889Z",
      "name": "Maranh\u00e3o",
      "abbreviation": "MA"
    }
  },
  {
    "model": "core.state",
    "pk": 11,
    "fields": {
      "active": true,
      "created_at": "2019-05-15T23:20:37.889Z",
      "modified_at": "2019-05-15T23:20:37.889Z",
      "name": "Mato Grosso",
      "abbreviation": "MT"
    }
  },
  {
    "model": "core.state",
    "pk": 12,
    "fields": {
      "active": true,
      "created_at": "2019-05-15T23:20:37.889Z",
      "modified_at": "2019-05-15T23:20:37.889Z",
      "name": "Mato Grosso do Sul",
      "abbreviation": "MS"
    }
  },
  {
    "model": "core.state",
    "pk": 13,
    "fields": {
      "active": true,
      "created_at": "2019-05-15T23:20:37.889Z",
      "modified_at": "2019-05-15T23:20:37.889Z",
      "name": "Minas Gerais",
      "abbreviation": "MG"
    }
  },
  {
    "model": "core.state",
    "pk": 14,
    "fields": {
      "active": true,
      "created_at": "2019-05-15T23:20:37.889Z",
      "modified_at": "2019-05-15T23:20:37.889Z",
      "name": "Par\u00b7",
      "abbreviation": "PA"
    }
  },
  {
    "model": "core.state",
    "pk": 15,
    "fields": {
      "active": true,
      "created_at": "2019-05-15T23:20:37.889Z",
      "modified_at": "2019-05-15T23:20:37.889Z",
      "name": "Para\u00edba",
      "abbreviation": "PB"
    }
  },
  {
    "model": "core.state",
    "pk": 16,
    "fields": {
      "active": true,
      "created_at": "2019-05-15T23:20:37.889Z",
      "modified_at": "2019-05-15T23:20:37.889Z",
      "name": "Paran\u00e1",
      "abbreviation": "PR"
    }
  },
  {
    "model": "core.state",
    "pk": 17,
    "fields": {
      "active": true,
      "created_at": "2019-05-15T23:20:37.889Z",
      "modified_at": "2019-05-15T23:20:37.889Z",
      "name": "Pernambuco",
      "abbreviation": "PE"
    }
  },
  {
    "model": "core.state",
    "pk": 18,
    "fields": {
      "active": true,
      "created_at": "2019-05-15T23:20:37.889Z",
      "modified_at": "2019-05-15T23:20:37.889Z",
      "name": "Piau\u00ed",
      "abbreviation": "PI"
    }
  },
  {
    "model": "core.state",
    "pk": 19,
    "fields": {
      "active": true,
      "created_at": "2019-05-15T23:20:37.889Z",
      "modified_at": "2019-05-15T23:20:37.889Z",
      "name": "Rio de Janeiro",
      "abbreviation": "RJ"
    }
  },
  {
    "model": "core.state",
    "pk": 20,
    "fields": {
      "active": true,
      "created_at": "2019-05-15T23:20:37.889Z",
      "modified_at": "2019-05-15T23:20:37.889Z",
      "name": "Rio Grande do Norte",
      "abbreviation": "RN"
    }
  },
  {
    "model": "core.state",
    "pk": 21,
    "fields": {
      "active": true,
      "created_at": "2019-05-15T23:20:37.889Z",
      "modified_at": "2019-05-15T23:20:37.889Z",
      "name": "Rio Grande do Sul",
      "abbreviation": "RS"
    }
  },
  {
    "model": "core.state",
    "pk": 22,
    "fields": {
      "active": true,
      "created_at": "2019-05-15T23:20:37.889Z",
      "modified_at": "2019-05-15T23:20:37.889Z",
      "name": "Rond\u00f4nia",
      "abbreviation": "RO"
    }
  },
  {
    "model": "core.state",
    "pk": 23,
    "fields": {
      "active": true,
      "created_at": "2019-05-15T23:20:37.889Z",
      "modified_at": "2019-05-15T23:20:37.889Z",
      "name": "Roraima",
      "abbreviation": "RR"
    }
  },
  {
    "model": "core.state",
    "pk": 24,
    "fields": {
      "active": true,
      "created_at": "2019-05-15T23:20:37.889Z",
      "modified_at": "2019-05-15T23:20:37.889Z",
      "name": "Santa Catarina",
      "abbreviation": "SC"
    }
  },
  {
    "model": "core.state",
    "pk": 25,
    "fields": {
      "active": true,
      "created_at": "2019-05-15T23:20:37.889Z",
      "modified_at": "2019-05-15T23:20:37.889Z",
      "name": "S\u00e3o Paulo",
      "abbreviation": "SP"
    }
  },
  {
    "model": "core.state",
    "pk": 26,
    "fields": {
      "active": true,
      "created_at": "2019-05-15T23:20:37.889Z",
      "modified_at": "2019-05-15T23:20:37.889Z",
      "name": "Sergipe",
      "abbreviation": "SE"
    }
  },
  {
    "model": "core.state",
    "pk": 27,
    "fields": {
      "active": true,
      "created_at": "2019-05-15T23:20:37.889Z",
      "modified_at": "2019-05-15T23:20:37.889Z",
      "name": "Tocantins",
      "abbreviation": "TO"
    }
  },
  {
    "model": "core.city",
    "pk": 1,
    "fields": {
      "active": true,
      "created_at": "2019-05-15T23:20:37.889Z",
      "modified_at": "2019-05-15T23:20:37.889Z",
      "name": "Agua Clara",
      "state": 1
    }
  },
  {
    "model": "core.city",
    "pk": 2,
    "fields": {
      "active": true,
      "created_at": "2019-05-15T23:20:37.889Z",
      "modified_at": "2019-05-15T23:20:37.889Z",
      "name": "Alvorada do Norte",
      "state": 2
    }
  },
  {
    "model": "core.city",
    "pk": 3,
    "fields": {
      "active": true,
      "created_at": "2019-05-15T23:20:37.889Z",
      "modified_at": "2019-05-15T23:20:37.889Z",
      "name": "Aparacida do Rio Negro",
      "state": 3
    }
  },
  {
    "model": "core.city",
    "pk": 4,
    "fields": {
      "active": true,
      "created_at": "2019-05-15T23:20:37.889Z",
      "modified_at": "2019-05-15T23:20:37.889Z",
      "name": "Arrolho do Sal",
      "state": 4
    }
  },
  {
    "model": "core.city",
    "pk": 5,
    "fields": {
      "active": true,
      "created_at": "2019-05-15T23:20:37.889Z",
      "modified_at": "2019-05-15T23:20:37.889Z",
      "name": "Avelino Lopes",
      "state": 5
    }
  },
  {
    "model": "core.city",
    "pk": 6,
    "fields": {
      "active": true,
      "created_at": "2019-05-15T23:20:37.889Z",
      "modified_at": "2019-05-15T23:20:37.889Z",
      "name": "Auto alegre",
      "state": 14
    }
  },
  {
    "model": "core.city",
    "pk": 7,
    "fields": {
      "active": true,
      "created_at": "2019-05-15T23:20:37.889Z",
      "modified_at": "2019-05-15T23:20:37.889Z",
      "name": "Alvorada do sul",
      "state": 15
    }
  },
  {
    "model": "core.city",
    "pk": 8,
    "fields": {
      "active": true,
      "created_at": "2019-05-15T23:20:37.889Z",
      "modified_at": "2019-05-15T23:20:37.889Z",
      "name": "Angra do sul",
      "state": 16
    }
  },
  {
    "model": "core.city",
    "pk": 9,
    "fields": {
      "active": true,
      "created_at": "2019-05-15T23:20:37.889Z",
      "modified_at": "2019-05-15T23:20:37.889Z",
      "name": "Area branca",
      "state": 17
    }
  },
  {
    "model": "core.city",
    "pk": 10,
    "fields": {
      "active": true,
      "created_at": "2019-05-15T23:20:37.889Z",
      "modified_at": "2019-05-15T23:20:37.889Z",
      "name": "Arrolho do tigre",
      "state": 18
    }
  },
  {
    "model": "core.city",
    "pk": 11,
    "fields": {
      "active": true,
      "created_at": "2019-05-15T23:20:37.889Z",
      "modified_at": "2019-05-15T23:20:37.889Z",
      "name": "Boa FORMOSA",
      "state": 20
    }
  },
  {
    "model": "core.city",
    "pk": 12,
    "fields": {
      "active": true,
      "created_at": "2019-05-15T23:20:37.889Z",
      "modified_at": "2019-05-15T23:20:37.889Z",
      "name": "BACABEIRA",
      "state": 10
    }
  },
  {
    "model": "core.city",
    "pk": 13,
    "fields": {
      "active": true,
      "created_at": "2019-05-15T23:20:37.889Z",
      "modified_at": "2019-05-15T23:20:37.889Z",
      "name": "BACURI",
      "state": 20
    }
  },
  {
    "model": "core.city",
    "pk": 14,
    "fields": {
      "active": true,
      "created_at": "2019-05-15T23:20:37.889Z",
      "modified_at": "2019-05-15T23:20:37.889Z",
      "name": "Uberl\u00e2ndia",
      "state": 27
    }
  },
  {
    "model": "core.city",
    "pk": 15,
    "fields": {
      "active": true,
      "created_at": "2019-05-15T23:20:37.889Z",
      "modified_at": "2019-05-15T23:20:37.889Z",
      "name": "BACURITUBA",
      "state": 10
    }
  },
  {
    "model": "core.city",
    "pk": 16,
    "fields": {
      "active": true,
      "created_at": "2019-05-15T23:20:37.889Z",
      "modified_at": "2019-05-15T23:20:37.889Z",
      "name": "BADY BASSITT",
      "state": 25
    }
  },
  {
    "model": "core.city",
    "pk": 17,
    "fields": {
      "active": true,
      "created_at": "2019-05-15T23:20:37.889Z",
      "modified_at": "2019-05-15T23:20:37.889Z",
      "name": "BAEPENDI",
      "state": 13
    }
  },
  {
    "model": "core.city",
    "pk": 18,
    "fields": {
      "active": true,
      "created_at": "2019-05-15T23:20:37.889Z",
      "modified_at": "2019-05-15T23:20:37.889Z",
      "name": "BA",
      "state": 21
    }
  },
  {
    "model": "core.city",
    "pk": 19,
    "fields": {
      "active": true,
      "created_at": "2019-05-15T23:20:37.889Z",
      "modified_at": "2019-05-15T23:20:37.889Z",
      "name": "BAGRE",
      "state": 14
    }
  },
  {
    "model": "core.city",
    "pk": 20,
    "fields": {
      "active": true,
      "created_at": "2019-05-15T23:20:37.889Z",
      "modified_at": "2019-05-15T23:20:37.889Z",
      "name": "Boa DA TRAI",
      "state": 17
    }
  },
  {
    "model": "core.city",
    "pk": 21,
    "fields": {
      "active": true,
      "created_at": "2019-05-15T23:20:37.889Z",
      "modified_at": "2019-05-15T23:20:37.889Z",
      "name": "Cacarai",
      "state": 1
    }
  },
  {
    "model": "core.city",
    "pk": 22,
    "fields": {
      "active": true,
      "created_at": "2019-05-15T23:20:37.889Z",
      "modified_at": "2019-05-15T23:20:37.889Z",
      "name": "Cacimbinha",
      "state": 2
    }
  },
  {
    "model": "core.city",
    "pk": 23,
    "fields": {
      "active": true,
      "created_at": "2019-05-15T23:20:37.889Z",
      "modified_at": "2019-05-15T23:20:37.889Z",
      "name": "Cutias",
      "state": 3
    }
  },
  {
    "model": "core.city",
    "pk": 24,
    "fields": {
      "active": true,
      "created_at": "2019-05-15T23:20:37.889Z",
      "modified_at": "2019-05-15T23:20:37.889Z",
      "name": "Coari",
      "state": 4
    }
  },
  {
    "model": "core.city",
    "pk": 25,
    "fields": {
      "active": true,
      "created_at": "2019-05-15T23:20:37.889Z",
      "modified_at": "2019-05-15T23:20:37.889Z",
      "name": "Caem",
      "state": 5
    }
  },
  {
    "model": "core.city",
    "pk": 26,
    "fields": {
      "active": true,
      "created_at": "2019-05-15T23:20:37.889Z",
      "modified_at": "2019-05-15T23:20:37.889Z",
      "name": "Caridade",
      "state": 6
    }
  },
  {
    "model": "core.city",
    "pk": 27,
    "fields": {
      "active": true,
      "created_at": "2019-05-15T23:20:37.889Z",
      "modified_at": "2019-05-15T23:20:37.889Z",
      "name": "Cruseiro",
      "state": 7
    }
  },
  {
    "model": "core.city",
    "pk": 28,
    "fields": {
      "active": true,
      "created_at": "2019-05-15T23:20:37.889Z",
      "modified_at": "2019-05-15T23:20:37.889Z",
      "name": "Castelo",
      "state": 8
    }
  },
  {
    "model": "core.city",
    "pk": 29,
    "fields": {
      "active": true,
      "created_at": "2019-05-15T23:20:37.889Z",
      "modified_at": "2019-05-15T23:20:37.889Z",
      "name": "Cabeceiras",
      "state": 9
    }
  },
  {
    "model": "core.city",
    "pk": 30,
    "fields": {
      "active": true,
      "created_at": "2019-05-15T23:20:37.889Z",
      "modified_at": "2019-05-15T23:20:37.889Z",
      "name": "Caxias",
      "state": 10
    }
  },
  {
    "model": "core.city",
    "pk": 31,
    "fields": {
      "active": true,
      "created_at": "2019-05-15T23:20:37.889Z",
      "modified_at": "2019-05-15T23:20:37.889Z",
      "name": "D\u00e1rio Meira",
      "state": 5
    }
  },
  {
    "model": "core.city",
    "pk": 32,
    "fields": {
      "active": true,
      "created_at": "2019-05-15T23:20:37.889Z",
      "modified_at": "2019-05-15T23:20:37.889Z",
      "name": "David Canabarro",
      "state": 21
    }
  },
  {
    "model": "core.city",
    "pk": 33,
    "fields": {
      "active": true,
      "created_at": "2019-05-15T23:20:37.889Z",
      "modified_at": "2019-05-15T23:20:37.889Z",
      "name": "Delfim Moreira",
      "state": 13
    }
  },
  {
    "model": "core.city",
    "pk": 34,
    "fields": {
      "active": true,
      "created_at": "2019-05-15T23:20:37.889Z",
      "modified_at": "2019-05-15T23:20:37.889Z",
      "name": "Delimiro Gouvea",
      "state": 2
    }
  },
  {
    "model": "core.city",
    "pk": 35,
    "fields": {
      "active": true,
      "created_at": "2019-05-15T23:20:37.889Z",
      "modified_at": "2019-05-15T23:20:37.889Z",
      "name": "Demerval Lob\u00e3o",
      "state": 18
    }
  },
  {
    "model": "core.city",
    "pk": 36,
    "fields": {
      "active": true,
      "created_at": "2019-05-15T23:20:37.889Z",
      "modified_at": "2019-05-15T23:20:37.889Z",
      "name": "Desterro de Entre Rios",
      "state": 13
    }
  },
  {
    "model": "core.city",
    "pk": 37,
    "fields": {
      "active": true,
      "created_at": "2019-05-15T23:20:37.889Z",
      "modified_at": "2019-05-15T23:20:37.889Z",
      "name": "Desterro de Melo",
      "state": 13
    }
  },
  {
    "model": "core.city",
    "pk": 38,
    "fields": {
      "active": true,
      "created_at": "2019-05-15T23:20:37.889Z",
      "modified_at": "2019-05-15T23:20:37.889Z",
      "name": "Dezeseis de Novembro",
      "state": 21
    }
  },
  {
    "model": "core.city",
    "pk": 39,
    "fields": {
      "active": true,
      "created_at": "2019-05-15T23:20:37.889Z",
      "modified_at": "2019-05-15T23:20:37.889Z",
      "name": "Diamante do Norte",
      "state": 16
    }
  },
  {
    "model": "core.city",
    "pk": 40,
    "fields": {
      "active": true,
      "created_at": "2019-05-15T23:20:37.889Z",
      "modified_at": "2019-05-15T23:20:37.889Z",
      "name": "Diamante do Oeste",
      "state": 16
    }
  },
  {
    "model": "core.city",
    "pk": 41,
    "fields": {
      "active": true,
      "created_at": "2019-05-15T23:20:37.889Z",
      "modified_at": "2019-05-15T23:20:37.889Z",
      "name": "Eldorado",
      "state": 25
    }
  },
  {
    "model": "core.city",
    "pk": 42,
    "fields": {
      "active": true,
      "created_at": "2019-05-15T23:20:37.889Z",
      "modified_at": "2019-05-15T23:20:37.889Z",
      "name": "Elias Fausto",
      "state": 25
    }
  },
  {
    "model": "core.city",
    "pk": 43,
    "fields": {
      "active": true,
      "created_at": "2019-05-15T23:20:37.889Z",
      "modified_at": "2019-05-15T23:20:37.889Z",
      "name": "Elisiario",
      "state": 25
    }
  },
  {
    "model": "core.city",
    "pk": 44,
    "fields": {
      "active": true,
      "created_at": "2019-05-15T23:20:37.889Z",
      "modified_at": "2019-05-15T23:20:37.889Z",
      "name": "Embauba",
      "state": 25
    }
  },
  {
    "model": "core.city",
    "pk": 45,
    "fields": {
      "active": true,
      "created_at": "2019-05-15T23:20:37.889Z",
      "modified_at": "2019-05-15T23:20:37.889Z",
      "name": "Embu",
      "state": 25
    }
  },
  {
    "model": "core.city",
    "pk": 46,
    "fields": {
      "active": true,
      "created_at": "2019-05-15T23:20:37.889Z",
      "modified_at": "2019-05-15T23:20:37.889Z",
      "name": "Emilianopolis",
      "state": 25
    }
  },
  {
    "model": "core.city",
    "pk": 47,
    "fields": {
      "active": true,
      "created_at": "2019-05-15T23:20:37.889Z",
      "modified_at": "2019-05-15T23:20:37.889Z",
      "name": "Engenheiro Coelho",
      "state": 25
    }
  },
  {
    "model": "core.city",
    "pk": 48,
    "fields": {
      "active": true,
      "created_at": "2019-05-15T23:20:37.889Z",
      "modified_at": "2019-05-15T23:20:37.889Z",
      "name": "Estiva Gerbi",
      "state": 25
    }
  },
  {
    "model": "core.city",
    "pk": 49,
    "fields": {
      "active": true,
      "created_at": "2019-05-15T23:20:37.889Z",
      "modified_at": "2019-05-15T23:20:37.889Z",
      "name": "Estrela do Norte",
      "state": 25
    }
  },
  {
    "model": "core.city",
    "pk": 50,
    "fields": {
      "active": true,
      "created_at": "2019-05-15T23:20:37.889Z",
      "modified_at": "2019-05-15T23:20:37.889Z",
      "name": "Estrela do Oeste",
      "state": 25
    }
  },
  {
    "model": "core.city",
    "pk": 51,
    "fields": {
      "active": true,
      "created_at": "2019-05-15T23:20:37.889Z",
      "modified_at": "2019-05-15T23:20:37.889Z",
      "name": "FACHINAL DOS GUEDES",
      "state": 24
    }
  },
  {
    "model": "core.city",
    "pk": 52,
    "fields": {
      "active": true,
      "created_at": "2019-05-15T23:20:37.889Z",
      "modified_at": "2019-05-15T23:20:37.889Z",
      "name": "FARIA LEMOS",
      "state": 13
    }
  },
  {
    "model": "core.city",
    "pk": 53,
    "fields": {
      "active": true,
      "created_at": "2019-05-15T23:20:37.889Z",
      "modified_at": "2019-05-15T23:20:37.889Z",
      "name": "FARIAS BRITO",
      "state": 6
    }
  },
  {
    "model": "core.city",
    "pk": 54,
    "fields": {
      "active": true,
      "created_at": "2019-05-15T23:20:37.889Z",
      "modified_at": "2019-05-15T23:20:37.889Z",
      "name": "FATIMA DO SUL",
      "state": 12
    }
  },
  {
    "model": "core.city",
    "pk": 55,
    "fields": {
      "active": true,
      "created_at": "2019-05-15T23:20:37.889Z",
      "modified_at": "2019-05-15T23:20:37.889Z",
      "name": "FAZENDA NOVA",
      "state": 13
    }
  },
  {
    "model": "core.city",
    "pk": 56,
    "fields": {
      "active": true,
      "created_at": "2019-05-15T23:20:37.889Z",
      "modified_at": "2019-05-15T23:20:37.889Z",
      "name": "FEIRA DA MATA",
      "state": 5
    }
  },
  {
    "model": "core.city",
    "pk": 57,
    "fields": {
      "active": true,
      "created_at": "2019-05-15T23:20:37.889Z",
      "modified_at": "2019-05-15T23:20:37.889Z",
      "name": "FEIRA GRANDE",
      "state": 2
    }
  },
  {
    "model": "core.city",
    "pk": 58,
    "fields": {
      "active": true,
      "created_at": "2019-05-15T23:20:37.889Z",
      "modified_at": "2019-05-15T23:20:37.889Z",
      "name": "FLORA RICA",
      "state": 25
    }
  },
  {
    "model": "core.city",
    "pk": 59,
    "fields": {
      "active": true,
      "created_at": "2019-05-15T23:20:37.889Z",
      "modified_at": "2019-05-15T23:20:37.889Z",
      "name": "FONTE BOA",
      "state": 4
    }
  },
  {
    "model": "core.city",
    "pk": 60,
    "fields": {
      "active": true,
      "created_at": "2019-05-15T23:20:37.889Z",
      "modified_at": "2019-05-15T23:20:37.889Z",
      "name": "FOZ DO IGUA\u00abU",
      "state": 16
    }
  },
  {
    "model": "core.city",
    "pk": 61,
    "fields": {
      "active": true,
      "created_at": "2019-05-15T23:20:37.889Z",
      "modified_at": "2019-05-15T23:20:37.889Z",
      "name": "Guaruj\u00b7",
      "state": 1
    }
  },
  {
    "model": "core.city",
    "pk": 62,
    "fields": {
      "active": true,
      "created_at": "2019-05-15T23:20:37.889Z",
      "modified_at": "2019-05-15T23:20:37.889Z",
      "name": "Goias",
      "state": 2
    }
  },
  {
    "model": "core.city",
    "pk": 63,
    "fields": {
      "active": true,
      "created_at": "2019-05-15T23:20:37.889Z",
      "modified_at": "2019-05-15T23:20:37.889Z",
      "name": "Guaramirim",
      "state": 6
    }
  },
  {
    "model": "core.city",
    "pk": 64,
    "fields": {
      "active": true,
      "created_at": "2019-05-15T23:20:37.889Z",
      "modified_at": "2019-05-15T23:20:37.889Z",
      "name": "Goi\u00e2nia",
      "state": 5
    }
  },
  {
    "model": "core.city",
    "pk": 65,
    "fields": {
      "active": true,
      "created_at": "2019-05-15T23:20:37.889Z",
      "modified_at": "2019-05-15T23:20:37.889Z",
      "name": "Guaxup\u00e9",
      "state": 4
    }
  },
  {
    "model": "core.city",
    "pk": 66,
    "fields": {
      "active": true,
      "created_at": "2019-05-15T23:20:37.889Z",
      "modified_at": "2019-05-15T23:20:37.889Z",
      "name": "Gravata\u00ed",
      "state": 7
    }
  },
  {
    "model": "core.city",
    "pk": 67,
    "fields": {
      "active": true,
      "created_at": "2019-05-15T23:20:37.889Z",
      "modified_at": "2019-05-15T23:20:37.889Z",
      "name": "Garobapa",
      "state": 9
    }
  },
  {
    "model": "core.city",
    "pk": 68,
    "fields": {
      "active": true,
      "created_at": "2019-05-15T23:20:37.889Z",
      "modified_at": "2019-05-15T23:20:37.889Z",
      "name": "Guarulhos",
      "state": 8
    }
  },
  {
    "model": "core.city",
    "pk": 69,
    "fields": {
      "active": true,
      "created_at": "2019-05-15T23:20:37.889Z",
      "modified_at": "2019-05-15T23:20:37.889Z",
      "name": "Gramado",
      "state": 10
    }
  },
  {
    "model": "core.city",
    "pk": 70,
    "fields": {
      "active": true,
      "created_at": "2019-05-15T23:20:37.889Z",
      "modified_at": "2019-05-15T23:20:37.889Z",
      "name": "Garibalde",
      "state": 1
    }
  },
  {
    "model": "core.district",
    "pk": 1,
    "fields": {
      "active": true,
      "created_at": "2019-05-15T23:20:37.889Z",
      "modified_at": "2019-05-15T23:20:37.889Z",
      "name": "Alegre",
      "city": 1,
      "zone": 1
    }
  },
  {
    "model": "core.district",
    "pk": 2,
    "fields": {
      "active": true,
      "created_at": "2019-05-15T23:20:37.889Z",
      "modified_at": "2019-05-15T23:20:37.889Z",
      "name": "Adrianopoles",
      "city": 2,
      "zone": 2
    }
  },
  {
    "model": "core.district",
    "pk": 3,
    "fields": {
      "active": true,
      "created_at": "2019-05-15T23:20:37.889Z",
      "modified_at": "2019-05-15T23:20:37.889Z",
      "name": "\u00c1gua fria",
      "city": 3,
      "zone": 3
    }
  },
  {
    "model": "core.district",
    "pk": 4,
    "fields": {
      "active": true,
      "created_at": "2019-05-15T23:20:37.889Z",
      "modified_at": "2019-05-15T23:20:37.889Z",
      "name": "Anori",
      "city": 4,
      "zone": 4
    }
  },
  {
    "model": "core.district",
    "pk": 5,
    "fields": {
      "active": true,
      "created_at": "2019-05-15T23:20:37.889Z",
      "modified_at": "2019-05-15T23:20:37.889Z",
      "name": "Araci",
      "city": 5,
      "zone": 5
    }
  },
  {
    "model": "core.district",
    "pk": 6,
    "fields": {
      "active": true,
      "created_at": "2019-05-15T23:20:37.889Z",
      "modified_at": "2019-05-15T23:20:37.889Z",
      "name": "Agua santa",
      "city": 6,
      "zone": 4
    }
  },
  {
    "model": "core.district",
    "pk": 7,
    "fields": {
      "active": true,
      "created_at": "2019-05-15T23:20:37.889Z",
      "modified_at": "2019-05-15T23:20:37.889Z",
      "name": "Achieta",
      "city": 7,
      "zone": 5
    }
  },
  {
    "model": "core.district",
    "pk": 8,
    "fields": {
      "active": true,
      "created_at": "2019-05-15T23:20:37.889Z",
      "modified_at": "2019-05-15T23:20:37.889Z",
      "name": "Aracati",
      "city": 8,
      "zone": 4
    }
  },
  {
    "model": "core.district",
    "pk": 9,
    "fields": {
      "active": true,
      "created_at": "2019-05-15T23:20:37.889Z",
      "modified_at": "2019-05-15T23:20:37.889Z",
      "name": "Arapongas",
      "city": 9,
      "zone": 5
    }
  },
  {
    "model": "core.district",
    "pk": 10,
    "fields": {
      "active": true,
      "created_at": "2019-05-15T23:20:37.889Z",
      "modified_at": "2019-05-15T23:20:37.889Z",
      "name": "Aguaboa",
      "city": 10,
      "zone": 4
    }
  },
  {
    "model": "core.district",
    "pk": 11,
    "fields": {
      "active": true,
      "created_at": "2019-05-15T23:20:37.889Z",
      "modified_at": "2019-05-15T23:20:37.889Z",
      "name": "sao caetano",
      "city": 11,
      "zone": 1
    }
  },
  {
    "model": "core.district",
    "pk": 12,
    "fields": {
      "active": true,
      "created_at": "2019-05-15T23:20:37.889Z",
      "modified_at": "2019-05-15T23:20:37.889Z",
      "name": "sao vicente",
      "city": 12,
      "zone": 2
    }
  },
  {
    "model": "core.district",
    "pk": 13,
    "fields": {
      "active": true,
      "created_at": "2019-05-15T23:20:37.889Z",
      "modified_at": "2019-05-15T23:20:37.889Z",
      "name": "silvestre",
      "city": 13,
      "zone": 3
    }
  },
  {
    "model": "core.district",
    "pk": 14,
    "fields": {
      "active": true,
      "created_at": "2019-05-15T23:20:37.889Z",
      "modified_at": "2019-05-15T23:20:37.889Z",
      "name": "floripinas",
      "city": 14,
      "zone": 4
    }
  },
  {
    "model": "core.district",
    "pk": 15,
    "fields": {
      "active": true,
      "created_at": "2019-05-15T23:20:37.889Z",
      "modified_at": "2019-05-15T23:20:37.889Z",
      "name": "petropolis",
      "city": 15,
      "zone": 5
    }
  },
  {
    "model": "core.district",
    "pk": 16,
    "fields": {
      "active": true,
      "created_at": "2019-05-15T23:20:37.889Z",
      "modified_at": "2019-05-15T23:20:37.889Z",
      "name": "piorini",
      "city": 16,
      "zone": 6
    }
  },
  {
    "model": "core.district",
    "pk": 17,
    "fields": {
      "active": true,
      "created_at": "2019-05-15T23:20:37.889Z",
      "modified_at": "2019-05-15T23:20:37.889Z",
      "name": "almeida",
      "city": 17,
      "zone": 4
    }
  },
  {
    "model": "core.district",
    "pk": 18,
    "fields": {
      "active": true,
      "created_at": "2019-05-15T23:20:37.889Z",
      "modified_at": "2019-05-15T23:20:37.889Z",
      "name": "alvorada",
      "city": 18,
      "zone": 3
    }
  },
  {
    "model": "core.district",
    "pk": 19,
    "fields": {
      "active": true,
      "created_at": "2019-05-15T23:20:37.889Z",
      "modified_at": "2019-05-15T23:20:37.889Z",
      "name": "tijuca",
      "city": 19,
      "zone": 2
    }
  },
  {
    "model": "core.district",
    "pk": 20,
    "fields": {
      "active": true,
      "created_at": "2019-05-15T23:20:37.889Z",
      "modified_at": "2019-05-15T23:20:37.889Z",
      "name": "barra",
      "city": 20,
      "zone": 1
    }
  },
  {
    "model": "core.district",
    "pk": 21,
    "fields": {
      "active": true,
      "created_at": "2019-05-15T23:20:37.889Z",
      "modified_at": "2019-05-15T23:20:37.889Z",
      "name": "Cachoeirinha",
      "city": 21,
      "zone": 1
    }
  },
  {
    "model": "core.district",
    "pk": 22,
    "fields": {
      "active": true,
      "created_at": "2019-05-15T23:20:37.889Z",
      "modified_at": "2019-05-15T23:20:37.889Z",
      "name": "Colonia",
      "city": 22,
      "zone": 2
    }
  },
  {
    "model": "core.district",
    "pk": 23,
    "fields": {
      "active": true,
      "created_at": "2019-05-15T23:20:37.889Z",
      "modified_at": "2019-05-15T23:20:37.889Z",
      "name": "Cachoeirinha",
      "city": 23,
      "zone": 2
    }
  },
  {
    "model": "core.district",
    "pk": 24,
    "fields": {
      "active": true,
      "created_at": "2019-05-15T23:20:37.889Z",
      "modified_at": "2019-05-15T23:20:37.889Z",
      "name": "Colonia",
      "city": 24,
      "zone": 4
    }
  },
  {
    "model": "core.district",
    "pk": 25,
    "fields": {
      "active": true,
      "created_at": "2019-05-15T23:20:37.889Z",
      "modified_at": "2019-05-15T23:20:37.889Z",
      "name": "Cidade do Leste",
      "city": 25,
      "zone": 5
    }
  },
  {
    "model": "core.district",
    "pk": 26,
    "fields": {
      "active": true,
      "created_at": "2019-05-15T23:20:37.889Z",
      "modified_at": "2019-05-15T23:20:37.889Z",
      "name": "Campos Sales",
      "city": 26,
      "zone": 6
    }
  },
  {
    "model": "core.district",
    "pk": 27,
    "fields": {
      "active": true,
      "created_at": "2019-05-15T23:20:37.889Z",
      "modified_at": "2019-05-15T23:20:37.889Z",
      "name": "Cana\u00e3",
      "city": 27,
      "zone": 5
    }
  },
  {
    "model": "core.district",
    "pk": 28,
    "fields": {
      "active": true,
      "created_at": "2019-05-15T23:20:37.889Z",
      "modified_at": "2019-05-15T23:20:37.889Z",
      "name": "Chapada",
      "city": 28,
      "zone": 2
    }
  },
  {
    "model": "core.district",
    "pk": 29,
    "fields": {
      "active": true,
      "created_at": "2019-05-15T23:20:37.889Z",
      "modified_at": "2019-05-15T23:20:37.889Z",
      "name": "Ceasa",
      "city": 29,
      "zone": 1
    }
  },
  {
    "model": "core.district",
    "pk": 30,
    "fields": {
      "active": true,
      "created_at": "2019-05-15T23:20:37.889Z",
      "modified_at": "2019-05-15T23:20:37.889Z",
      "name": "Colonia Aleixo",
      "city": 30,
      "zone": 2
    }
  },
  {
    "model": "core.district",
    "pk": 31,
    "fields": {
      "active": true,
      "created_at": "2019-05-15T23:20:37.889Z",
      "modified_at": "2019-05-15T23:20:37.889Z",
      "name": "Del Castilho",
      "city": 31,
      "zone": 1
    }
  },
  {
    "model": "core.district",
    "pk": 32,
    "fields": {
      "active": true,
      "created_at": "2019-05-15T23:20:37.889Z",
      "modified_at": "2019-05-15T23:20:37.889Z",
      "name": "Deodoro",
      "city": 32,
      "zone": 2
    }
  },
  {
    "model": "core.district",
    "pk": 33,
    "fields": {
      "active": true,
      "created_at": "2019-05-15T23:20:37.889Z",
      "modified_at": "2019-05-15T23:20:37.889Z",
      "name": "Dom Jo\u00e3o",
      "city": 33,
      "zone": 3
    }
  },
  {
    "model": "core.district",
    "pk": 34,
    "fields": {
      "active": true,
      "created_at": "2019-05-15T23:20:37.889Z",
      "modified_at": "2019-05-15T23:20:37.889Z",
      "name": "Dom Fernandes",
      "city": 34,
      "zone": 4
    }
  },
  {
    "model": "core.district",
    "pk": 35,
    "fields": {
      "active": true,
      "created_at": "2019-05-15T23:20:37.889Z",
      "modified_at": "2019-05-15T23:20:37.889Z",
      "name": "Dunga",
      "city": 35,
      "zone": 5
    }
  },
  {
    "model": "core.district",
    "pk": 36,
    "fields": {
      "active": true,
      "created_at": "2019-05-15T23:20:37.889Z",
      "modified_at": "2019-05-15T23:20:37.889Z",
      "name": "Distrito",
      "city": 36,
      "zone": 1
    }
  },
  {
    "model": "core.district",
    "pk": 37,
    "fields": {
      "active": true,
      "created_at": "2019-05-15T23:20:37.889Z",
      "modified_at": "2019-05-15T23:20:37.889Z",
      "name": "Dorirval Junior",
      "city": 36,
      "zone": 2
    }
  },
  {
    "model": "core.district",
    "pk": 38,
    "fields": {
      "active": true,
      "created_at": "2019-05-15T23:20:37.889Z",
      "modified_at": "2019-05-15T23:20:37.889Z",
      "name": "Dez de Dezembro",
      "city": 38,
      "zone": 3
    }
  },
  {
    "model": "core.district",
    "pk": 39,
    "fields": {
      "active": true,
      "created_at": "2019-05-15T23:20:37.889Z",
      "modified_at": "2019-05-15T23:20:37.889Z",
      "name": "Deus me Deu",
      "city": 39,
      "zone": 4
    }
  },
  {
    "model": "core.district",
    "pk": 40,
    "fields": {
      "active": true,
      "created_at": "2019-05-15T23:20:37.889Z",
      "modified_at": "2019-05-15T23:20:37.889Z",
      "name": "Dias de Andrade",
      "city": 40,
      "zone": 5
    }
  },
  {
    "model": "core.district",
    "pk": 41,
    "fields": {
      "active": true,
      "created_at": "2019-05-15T23:20:37.889Z",
      "modified_at": "2019-05-15T23:20:37.889Z",
      "name": "Tucuruv\u00cc",
      "city": 41,
      "zone": 1
    }
  },
  {
    "model": "core.district",
    "pk": 42,
    "fields": {
      "active": true,
      "created_at": "2019-05-15T23:20:37.889Z",
      "modified_at": "2019-05-15T23:20:37.889Z",
      "name": "Pirituba",
      "city": 41,
      "zone": 1
    }
  },
  {
    "model": "core.district",
    "pk": 43,
    "fields": {
      "active": true,
      "created_at": "2019-05-15T23:20:37.889Z",
      "modified_at": "2019-05-15T23:20:37.889Z",
      "name": "Pedreira",
      "city": 42,
      "zone": 2
    }
  },
  {
    "model": "core.district",
    "pk": 44,
    "fields": {
      "active": true,
      "created_at": "2019-05-15T23:20:37.889Z",
      "modified_at": "2019-05-15T23:20:37.889Z",
      "name": "Socorro",
      "city": 42,
      "zone": 2
    }
  },
  {
    "model": "core.district",
    "pk": 45,
    "fields": {
      "active": true,
      "created_at": "2019-05-15T23:20:37.889Z",
      "modified_at": "2019-05-15T23:20:37.889Z",
      "name": "Paroline",
      "city": 43,
      "zone": 3
    }
  },
  {
    "model": "core.district",
    "pk": 46,
    "fields": {
      "active": true,
      "created_at": "2019-05-15T23:20:37.889Z",
      "modified_at": "2019-05-15T23:20:37.889Z",
      "name": "Pilarzinho",
      "city": 43,
      "zone": 3
    }
  },
  {
    "model": "core.district",
    "pk": 47,
    "fields": {
      "active": true,
      "created_at": "2019-05-15T23:20:37.889Z",
      "modified_at": "2019-05-15T23:20:37.889Z",
      "name": "Umbar\u00b7",
      "city": 44,
      "zone": 4
    }
  },
  {
    "model": "core.district",
    "pk": 48,
    "fields": {
      "active": true,
      "created_at": "2019-05-15T23:20:37.889Z",
      "modified_at": "2019-05-15T23:20:37.889Z",
      "name": "Caximba",
      "city": 44,
      "zone": 4
    }
  },
  {
    "model": "core.district",
    "pk": 49,
    "fields": {
      "active": true,
      "created_at": "2019-05-15T23:20:37.889Z",
      "modified_at": "2019-05-15T23:20:37.889Z",
      "name": "Lindoia",
      "city": 45,
      "zone": 5
    }
  },
  {
    "model": "core.district",
    "pk": 50,
    "fields": {
      "active": true,
      "created_at": "2019-05-15T23:20:37.889Z",
      "modified_at": "2019-05-15T23:20:37.889Z",
      "name": "Porto",
      "city": 46,
      "zone": 6
    }
  },
  {
    "model": "core.district",
    "pk": 51,
    "fields": {
      "active": true,
      "created_at": "2019-05-15T23:20:37.889Z",
      "modified_at": "2019-05-15T23:20:37.889Z",
      "name": "iguatemi",
      "city": 52,
      "zone": 3
    }
  },
  {
    "model": "core.district",
    "pk": 52,
    "fields": {
      "active": true,
      "created_at": "2019-05-15T23:20:37.889Z",
      "modified_at": "2019-05-15T23:20:37.889Z",
      "name": "centro",
      "city": 51,
      "zone": 3
    }
  },
  {
    "model": "core.district",
    "pk": 53,
    "fields": {
      "active": true,
      "created_at": "2019-05-15T23:20:37.889Z",
      "modified_at": "2019-05-15T23:20:37.889Z",
      "name": " pato branco",
      "city": 53,
      "zone": 1
    }
  },
  {
    "model": "core.district",
    "pk": 54,
    "fields": {
      "active": true,
      "created_at": "2019-05-15T23:20:37.889Z",
      "modified_at": "2019-05-15T23:20:37.889Z",
      "name": "antares",
      "city": 58,
      "zone": 2
    }
  },
  {
    "model": "core.district",
    "pk": 55,
    "fields": {
      "active": true,
      "created_at": "2019-05-15T23:20:37.889Z",
      "modified_at": "2019-05-15T23:20:37.889Z",
      "name": "barro branco",
      "city": 53,
      "zone": 1
    }
  },
  {
    "model": "core.district",
    "pk": 56,
    "fields": {
      "active": true,
      "created_at": "2019-05-15T23:20:37.889Z",
      "modified_at": "2019-05-15T23:20:37.889Z",
      "name": "galenhas",
      "city": 56,
      "zone": 1
    }
  },
  {
    "model": "core.district",
    "pk": 57,
    "fields": {
      "active": true,
      "created_at": "2019-05-15T23:20:37.889Z",
      "modified_at": "2019-05-15T23:20:37.889Z",
      "name": "ponte raza",
      "city": 57,
      "zone": 1
    }
  },
  {
    "model": "core.district",
    "pk": 58,
    "fields": {
      "active": true,
      "created_at": "2019-05-15T23:20:37.889Z",
      "modified_at": "2019-05-15T23:20:37.889Z",
      "name": "lajeado",
      "city": 58,
      "zone": 1
    }
  },
  {
    "model": "core.district",
    "pk": 59,
    "fields": {
      "active": true,
      "created_at": "2019-05-15T23:20:37.889Z",
      "modified_at": "2019-05-15T23:20:37.889Z",
      "name": "amazonino",
      "city": 59,
      "zone": 1
    }
  },
  {
    "model": "core.district",
    "pk": 60,
    "fields": {
      "active": true,
      "created_at": "2019-05-15T23:20:37.889Z",
      "modified_at": "2019-05-15T23:20:37.889Z",
      "name": "barreirinha",
      "city": 60,
      "zone": 1
    }
  },
  {
    "model": "core.district",
    "pk": 61,
    "fields": {
      "active": true,
      "created_at": "2019-05-15T23:20:37.889Z",
      "modified_at": "2019-05-15T23:20:37.889Z",
      "name": "Galeo",
      "city": 61,
      "zone": 1
    }
  },
  {
    "model": "core.district",
    "pk": 62,
    "fields": {
      "active": true,
      "created_at": "2019-05-15T23:20:37.889Z",
      "modified_at": "2019-05-15T23:20:37.889Z",
      "name": "G\u00c1VEA",
      "city": 61,
      "zone": 2
    }
  },
  {
    "model": "core.district",
    "pk": 63,
    "fields": {
      "active": true,
      "created_at": "2019-05-15T23:20:37.889Z",
      "modified_at": "2019-05-15T23:20:37.889Z",
      "name": "Gl\u00f3ria",
      "city": 61,
      "zone": 3
    }
  },
  {
    "model": "core.district",
    "pk": 64,
    "fields": {
      "active": true,
      "created_at": "2019-05-15T23:20:37.889Z",
      "modified_at": "2019-05-15T23:20:37.889Z",
      "name": "GRAJA",
      "city": 61,
      "zone": 4
    }
  },
  {
    "model": "core.district",
    "pk": 65,
    "fields": {
      "active": true,
      "created_at": "2019-05-15T23:20:37.889Z",
      "modified_at": "2019-05-15T23:20:37.889Z",
      "name": "Guadalupe",
      "city": 61,
      "zone": 5
    }
  },
  {
    "model": "core.district",
    "pk": 66,
    "fields": {
      "active": true,
      "created_at": "2019-05-15T23:20:37.889Z",
      "modified_at": "2019-05-15T23:20:37.889Z",
      "name": "grande vitoria",
      "city": 65,
      "zone": 6
    }
  },
  {
    "model": "core.district",
    "pk": 67,
    "fields": {
      "active": true,
      "created_at": "2019-05-15T23:20:37.889Z",
      "modified_at": "2019-05-15T23:20:37.889Z",
      "name": "grande conquista",
      "city": 65,
      "zone": 1
    }
  },
  {
    "model": "core.district",
    "pk": 68,
    "fields": {
      "active": true,
      "created_at": "2019-05-15T23:20:37.889Z",
      "modified_at": "2019-05-15T23:20:37.889Z",
      "name": "grande familia",
      "city": 65,
      "zone": 2
    }
  },
  {
    "model": "core.district",
    "pk": 69,
    "fields": {
      "active": true,
      "created_at": "2019-05-15T23:20:37.889Z",
      "modified_at": "2019-05-15T23:20:37.889Z",
      "name": "grande circula",
      "city": 65,
      "zone": 3
    }
  },
  {
    "model": "core.district",
    "pk": 70,
    "fields": {
      "active": true,
      "created_at": "2019-05-15T23:20:37.889Z",
      "modified_at": "2019-05-15T23:20:37.889Z",
      "name": "gloria e gloria",
      "city": 65,
      "zone": 4
    }
  },
  {
    "model": "core.maritalstatus",
    "pk": 1,
    "fields": {
      "active": true,
      "created_at": "2019-05-15T23:20:37.889Z",
      "modified_at": "2019-05-15T23:20:37.889Z",
      "description": "Solteiro"
    }
  },
  {
    "model": "core.maritalstatus",
    "pk": 2,
    "fields": {
      "active": true,
      "created_at": "2019-05-15T23:20:37.889Z",
      "modified_at": "2019-05-15T23:20:37.889Z",
      "description": "Casado"
    }
  },
  {
    "model": "core.maritalstatus",
    "pk": 3,
    "fields": {
      "active": true,
      "created_at": "2019-05-15T23:20:37.889Z",
      "modified_at": "2019-05-15T23:20:37.889Z",
      "description": "Divorciado"
    }
  },
  {
    "model": "core.maritalstatus",
    "pk": 4,
    "fields": {
      "active": true,
      "created_at": "2019-05-15T23:20:37.889Z",
      "modified_at": "2019-05-15T23:20:37.889Z",
      "description": "Vi\u00favo"
    }
  },
  {
    "model": "core.customer",
    "pk": 1,
    "fields": {
      "active": true,
      "created_at": "2019-05-15T23:20:37.889Z",
      "modified_at": "2019-05-15T23:20:37.889Z",
      "name": "Rafael Bizi",
      "salary": "3500.0000",
      "gender": "M",
      "marital_status": 1,
      "district": 1
    }
  },
  {
    "model": "core.customer",
    "pk": 2,
    "fields": {
      "active": true,
      "created_at": "2019-05-15T23:20:37.889Z",
      "modified_at": "2019-05-15T23:20:37.889Z",
      "name": "Ronaldo Ga\u00facho",
      "salary": "85000.0000",
      "gender": "M",
      "marital_status": 3,
      "district": 2
    }
  },
  {
    "model": "core.customer",
    "pk": 3,
    "fields": {
      "active": true,
      "created_at": "2019-05-15T23:20:37.889Z",
      "modified_at": "2019-05-15T23:20:37.889Z",
      "name": "Magali",
      "salary": "870.0000",
      "gender": "F",
      "marital_status": 2,
      "district": 3
    }
  },
  {
    "model": "core.customer",
    "pk": 4,
    "fields": {
      "active": true,
      "created_at": "2019-05-15T23:20:37.889Z",
      "modified_at": "2019-05-15T23:20:37.889Z",
      "name": "Arist\u00f3teles",
      "salary": "655.0000",
      "gender": "M",
      "marital_status": 1,
      "district": 8
    }
  },
  {
    "model": "core.customer",
    "pk": 5,
    "fields": {
      "active": true,
      "created_at": "2019-05-15T23:20:37.889Z",
      "modified_at": "2019-05-15T23:20:37.889Z",
      "name": "Juliano Costa",
      "salary": "2900.0000",
      "gender": "M",
      "marital_status": 1,
      "district": 9
    }
  },
  {
    "model": "core.customer",
    "pk": 6,
    "fields": {
      "active": true,
      "created_at": "2019-05-15T23:20:37.889Z",
      "modified_at": "2019-05-15T23:20:37.889Z",
      "name": "Marcos Garrincha",
      "salary": "8700.0000",
      "gender": "M",
      "marital_status": 4,
      "district": 3
    }
  },
  {
    "model": "core.customer",
    "pk": 7,
    "fields": {
      "active": true,
      "created_at": "2019-05-15T23:20:37.889Z",
      "modified_at": "2019-05-15T23:20:37.889Z",
      "name": "Ygor Dias",
      "salary": "10500.0000",
      "gender": "M",
      "marital_status": 2,
      "district": 7
    }
  },
  {
    "model": "core.customer",
    "pk": 8,
    "fields": {
      "active": true,
      "created_at": "2019-05-15T23:20:37.889Z",
      "modified_at": "2019-05-15T23:20:37.889Z",
      "name": "Sabrina Sato",
      "salary": "50000.0000",
      "gender": "F",
      "marital_status": 4,
      "district": 1
    }
  },
  {
    "model": "core.customer",
    "pk": 9,
    "fields": {
      "active": true,
      "created_at": "2019-05-15T23:20:37.889Z",
      "modified_at": "2019-05-15T23:20:37.889Z",
      "name": "Oscar Souza",
      "salary": "7500.0000",
      "gender": "M",
      "marital_status": 4,
      "district": 1
    }
  },
  {
    "model": "core.customer",
    "pk": 10,
    "fields": {
      "active": true,
      "created_at": "2019-05-15T23:20:37.889Z",
      "modified_at": "2019-05-15T23:20:37.889Z",
      "name": "Joselito Silva",
      "salary": "5500.0000",
      "gender": "M",
      "marital_status": 3,
      "district": 1
    }
  },
  {
    "model": "core.customer",
    "pk": 11,
    "fields": {
      "active": true,
      "created_at": "2019-05-15T23:20:37.889Z",
      "modified_at": "2019-05-15T23:20:37.889Z",
      "name": "Osenias",
      "salary": "100.0000",
      "gender": "M",
      "marital_status": 1,
      "district": 11
    }
  },
  {
    "model": "core.customer",
    "pk": 12,
    "fields": {
      "active": true,
      "created_at": "2019-05-15T23:20:37.889Z",
      "modified_at": "2019-05-15T23:20:37.889Z",
      "name": "Levy",
      "salary": "200.0000",
      "gender": "M",
      "marital_status": 2,
      "district": 12
    }
  },
  {
    "model": "core.customer",
    "pk": 13,
    "fields": {
      "active": true,
      "created_at": "2019-05-15T23:20:37.889Z",
      "modified_at": "2019-05-15T23:20:37.889Z",
      "name": "Joao",
      "salary": "300.0000",
      "gender": "M",
      "marital_status": 3,
      "district": 13
    }
  },
  {
    "model": "core.customer",
    "pk": 14,
    "fields": {
      "active": true,
      "created_at": "2019-05-15T23:20:37.889Z",
      "modified_at": "2019-05-15T23:20:37.889Z",
      "name": "Gabriel",
      "salary": "400.0000",
      "gender": "M",
      "marital_status": 4,
      "district": 14
    }
  },
  {
    "model": "core.customer",
    "pk": 15,
    "fields": {
      "active": true,
      "created_at": "2019-05-15T23:20:37.889Z",
      "modified_at": "2019-05-15T23:20:37.889Z",
      "name": "Junior",
      "salary": "500.0000",
      "gender": "M",
      "marital_status": 4,
      "district": 15
    }
  },
  {
    "model": "core.customer",
    "pk": 16,
    "fields": {
      "active": true,
      "created_at": "2019-05-15T23:20:37.889Z",
      "modified_at": "2019-05-15T23:20:37.889Z",
      "name": "Marciel",
      "salary": "600.0000",
      "gender": "M",
      "marital_status": 2,
      "district": 16
    }
  },
  {
    "model": "core.customer",
    "pk": 17,
    "fields": {
      "active": true,
      "created_at": "2019-05-15T23:20:37.889Z",
      "modified_at": "2019-05-15T23:20:37.889Z",
      "name": "Oseias",
      "salary": "700.0000",
      "gender": "M",
      "marital_status": 1,
      "district": 17
    }
  },
  {
    "model": "core.customer",
    "pk": 18,
    "fields": {
      "active": true,
      "created_at": "2019-05-15T23:20:37.889Z",
      "modified_at": "2019-05-15T23:20:37.889Z",
      "name": "Luiz",
      "salary": "800.0000",
      "gender": "M",
      "marital_status": 3,
      "district": 18
    }
  },
  {
    "model": "core.customer",
    "pk": 19,
    "fields": {
      "active": true,
      "created_at": "2019-05-15T23:20:37.889Z",
      "modified_at": "2019-05-15T23:20:37.889Z",
      "name": "Jose",
      "salary": "900.0000",
      "gender": "M",
      "marital_status": 2,
      "district": 19
    }
  },
  {
    "model": "core.customer",
    "pk": 20,
    "fields": {
      "active": true,
      "created_at": "2019-05-15T23:20:37.889Z",
      "modified_at": "2019-05-15T23:20:37.889Z",
      "name": "Josenias",
      "salary": "1000.0000",
      "gender": "M",
      "marital_status": 1,
      "district": 20
    }
  },
  {
    "model": "core.customer",
    "pk": 21,
    "fields": {
      "active": true,
      "created_at": "2019-05-15T23:20:37.889Z",
      "modified_at": "2019-05-15T23:20:37.889Z",
      "name": "Jo\u00e3o Alvares",
      "salary": "1000.0000",
      "gender": "M",
      "marital_status": 1,
      "district": 20
    }
  },
  {
    "model": "core.customer",
    "pk": 22,
    "fields": {
      "active": true,
      "created_at": "2019-05-15T23:20:37.889Z",
      "modified_at": "2019-05-15T23:20:37.889Z",
      "name": "Corian Diego",
      "salary": "190.0000",
      "gender": "M",
      "marital_status": 2,
      "district": 4
    }
  },
  {
    "model": "core.customer",
    "pk": 23,
    "fields": {
      "active": true,
      "created_at": "2019-05-15T23:20:37.889Z",
      "modified_at": "2019-05-15T23:20:37.889Z",
      "name": "Ciro Gomes",
      "salary": "5000.0000",
      "gender": "M",
      "marital_status": 1,
      "district": 23
    }
  },
  {
    "model": "core.customer",
    "pk": 24,
    "fields": {
      "active": true,
      "created_at": "2019-05-15T23:20:37.889Z",
      "modified_at": "2019-05-15T23:20:37.889Z",
      "name": "Cristovam Cesar",
      "salary": "1000.0000",
      "gender": "M",
      "marital_status": 3,
      "district": 24
    }
  },
  {
    "model": "core.customer",
    "pk": 25,
    "fields": {
      "active": true,
      "created_at": "2019-05-15T23:20:37.889Z",
      "modified_at": "2019-05-15T23:20:37.889Z",
      "name": "Carla Araujo",
      "salary": "850.0000",
      "gender": "F",
      "marital_status": 1,
      "district": 3
    }
  },
  {
    "model": "core.customer",
    "pk": 26,
    "fields": {
      "active": true,
      "created_at": "2019-05-15T23:20:37.889Z",
      "modified_at": "2019-05-15T23:20:37.889Z",
      "name": "Camila Freitas",
      "salary": "1500.0000",
      "gender": "F",
      "marital_status": 1,
      "district": 24
    }
  },
  {
    "model": "core.customer",
    "pk": 27,
    "fields": {
      "active": true,
      "created_at": "2019-05-15T23:20:37.889Z",
      "modified_at": "2019-05-15T23:20:37.889Z",
      "name": "Cibele Samuel",
      "salary": "1100.0000",
      "gender": "F",
      "marital_status": 1,
      "district": 26
    }
  },
  {
    "model": "core.customer",
    "pk": 28,
    "fields": {
      "active": true,
      "created_at": "2019-05-15T23:20:37.889Z",
      "modified_at": "2019-05-15T23:20:37.889Z",
      "name": "Cintia Albuquerque",
      "salary": "2200.0000",
      "gender": "F",
      "marital_status": 3,
      "district": 26
    }
  },
  {
    "model": "core.customer",
    "pk": 29,
    "fields": {
      "active": true,
      "created_at": "2019-05-15T23:20:37.889Z",
      "modified_at": "2019-05-15T23:20:37.889Z",
      "name": "Carol Souza",
      "salary": "785.0000",
      "gender": "F",
      "marital_status": 4,
      "district": 27
    }
  },
  {
    "model": "core.customer",
    "pk": 30,
    "fields": {
      "active": true,
      "created_at": "2019-05-15T23:20:37.889Z",
      "modified_at": "2019-05-15T23:20:37.889Z",
      "name": "Camila Franklim",
      "salary": "1200.0000",
      "gender": "F",
      "marital_status": 1,
      "district": 25
    }
  },
  {
    "model": "core.customer",
    "pk": 31,
    "fields": {
      "active": true,
      "created_at": "2019-05-15T23:20:37.889Z",
      "modified_at": "2019-05-15T23:20:37.889Z",
      "name": "Denis Slva",
      "salary": "500.0000",
      "gender": "M",
      "marital_status": 1,
      "district": 31
    }
  },
  {
    "model": "core.customer",
    "pk": 32,
    "fields": {
      "active": true,
      "created_at": "2019-05-15T23:20:37.889Z",
      "modified_at": "2019-05-15T23:20:37.889Z",
      "name": "Dorval Vieira",
      "salary": "1000.0000",
      "gender": "M",
      "marital_status": 2,
      "district": 32
    }
  },
  {
    "model": "core.customer",
    "pk": 33,
    "fields": {
      "active": true,
      "created_at": "2019-05-15T23:20:37.889Z",
      "modified_at": "2019-05-15T23:20:37.889Z",
      "name": "Deize Fonseca",
      "salary": "600.0000",
      "gender": "F",
      "marital_status": 3,
      "district": 33
    }
  },
  {
    "model": "core.customer",
    "pk": 34,
    "fields": {
      "active": true,
      "created_at": "2019-05-15T23:20:37.889Z",
      "modified_at": "2019-05-15T23:20:37.889Z",
      "name": "Debora Martins",
      "salary": "500.0000",
      "gender": "F",
      "marital_status": 4,
      "district": 34
    }
  },
  {
    "model": "core.customer",
    "pk": 35,
    "fields": {
      "active": true,
      "created_at": "2019-05-15T23:20:37.889Z",
      "modified_at": "2019-05-15T23:20:37.889Z",
      "name": "Diego Silva",
      "salary": "400.0000",
      "gender": "M",
      "marital_status": 1,
      "district": 35
    }
  },
  {
    "model": "core.customer",
    "pk": 36,
    "fields": {
      "active": true,
      "created_at": "2019-05-15T23:20:37.889Z",
      "modified_at": "2019-05-15T23:20:37.889Z",
      "name": "Denise Romero",
      "salary": "800.0000",
      "gender": "F",
      "marital_status": 2,
      "district": 25
    }
  },
  {
    "model": "core.customer",
    "pk": 37,
    "fields": {
      "active": true,
      "created_at": "2019-05-15T23:20:37.889Z",
      "modified_at": "2019-05-15T23:20:37.889Z",
      "name": "Diogo Junior",
      "salary": "900.0000",
      "gender": "M",
      "marital_status": 3,
      "district": 34
    }
  },
  {
    "model": "core.customer",
    "pk": 38,
    "fields": {
      "active": true,
      "created_at": "2019-05-15T23:20:37.889Z",
      "modified_at": "2019-05-15T23:20:37.889Z",
      "name": "Denival Batista",
      "salary": "500.0000",
      "gender": "M",
      "marital_status": 4,
      "district": 38
    }
  },
  {
    "model": "core.customer",
    "pk": 39,
    "fields": {
      "active": true,
      "created_at": "2019-05-15T23:20:37.889Z",
      "modified_at": "2019-05-15T23:20:37.889Z",
      "name": "Ded\u00e9",
      "salary": "500.0000",
      "gender": "M",
      "marital_status": 1,
      "district": 39
    }
  },
  {
    "model": "core.customer",
    "pk": 40,
    "fields": {
      "active": true,
      "created_at": "2019-05-15T23:20:37.889Z",
      "modified_at": "2019-05-15T23:20:37.889Z",
      "name": "Dorival Junior",
      "salary": "500.0000",
      "gender": "M",
      "marital_status": 2,
      "district": 40
    }
  },
  {
    "model": "core.customer",
    "pk": 41,
    "fields": {
      "active": true,
      "created_at": "2019-05-15T23:20:37.889Z",
      "modified_at": "2019-05-15T23:20:37.889Z",
      "name": "Eduardo",
      "salary": "1000.0000",
      "gender": "M",
      "marital_status": 2,
      "district": 44
    }
  },
  {
    "model": "core.customer",
    "pk": 42,
    "fields": {
      "active": true,
      "created_at": "2019-05-15T23:20:37.889Z",
      "modified_at": "2019-05-15T23:20:37.889Z",
      "name": "Eli",
      "salary": "600.0000",
      "gender": "F",
      "marital_status": 2,
      "district": 44
    }
  },
  {
    "model": "core.customer",
    "pk": 43,
    "fields": {
      "active": true,
      "created_at": "2019-05-15T23:20:37.889Z",
      "modified_at": "2019-05-15T23:20:37.889Z",
      "name": "Eny",
      "salary": "3500.0000",
      "gender": "F",
      "marital_status": 2,
      "district": 44
    }
  },
  {
    "model": "core.customer",
    "pk": 44,
    "fields": {
      "active": true,
      "created_at": "2019-05-15T23:20:37.889Z",
      "modified_at": "2019-05-15T23:20:37.889Z",
      "name": "Edson",
      "salary": "2000.0000",
      "gender": "M",
      "marital_status": 2,
      "district": 44
    }
  },
  {
    "model": "core.customer",
    "pk": 45,
    "fields": {
      "active": true,
      "created_at": "2019-05-15T23:20:37.889Z",
      "modified_at": "2019-05-15T23:20:37.889Z",
      "name": "Edna",
      "salary": "1500.0000",
      "gender": "F",
      "marital_status": 2,
      "district": 44
    }
  },
  {
    "model": "core.customer",
    "pk": 46,
    "fields": {
      "active": true,
      "created_at": "2019-05-15T23:20:37.889Z",
      "modified_at": "2019-05-15T23:20:37.889Z",
      "name": "Ediane",
      "salary": "4000.0000",
      "gender": "F",
      "marital_status": 2,
      "district": 44
    }
  },
  {
    "model": "core.customer",
    "pk": 47,
    "fields": {
      "active": true,
      "created_at": "2019-05-15T23:20:37.889Z",
      "modified_at": "2019-05-15T23:20:37.889Z",
      "name": "Elton",
      "salary": "2500.0000",
      "gender": "M",
      "marital_status": 2,
      "district": 44
    }
  },
  {
    "model": "core.customer",
    "pk": 48,
    "fields": {
      "active": true,
      "created_at": "2019-05-15T23:20:37.889Z",
      "modified_at": "2019-05-15T23:20:37.889Z",
      "name": "Emersom",
      "salary": "1000.0000",
      "gender": "M",
      "marital_status": 2,
      "district": 44
    }
  },
  {
    "model": "core.customer",
    "pk": 49,
    "fields": {
      "active": true,
      "created_at": "2019-05-15T23:20:37.889Z",
      "modified_at": "2019-05-15T23:20:37.889Z",
      "name": "Enderson",
      "salary": "5000.0000",
      "gender": "M",
      "marital_status": 2,
      "district": 44
    }
  },
  {
    "model": "core.customer",
    "pk": 50,
    "fields": {
      "active": true,
      "created_at": "2019-05-15T23:20:37.889Z",
      "modified_at": "2019-05-15T23:20:37.889Z",
      "name": "Elias",
      "salary": "4500.0000",
      "gender": "M",
      "marital_status": 2,
      "district": 44
    }
  },
  {
    "model": "core.customer",
    "pk": 51,
    "fields": {
      "active": true,
      "created_at": "2019-05-15T23:20:37.889Z",
      "modified_at": "2019-05-15T23:20:37.889Z",
      "name": "joao",
      "salary": "1000.0000",
      "gender": "M",
      "marital_status": 1,
      "district": 51
    }
  },
  {
    "model": "core.customer",
    "pk": 52,
    "fields": {
      "active": true,
      "created_at": "2019-05-15T23:20:37.889Z",
      "modified_at": "2019-05-15T23:20:37.889Z",
      "name": "joana",
      "salary": "670.0000",
      "gender": "F",
      "marital_status": 2,
      "district": 52
    }
  },
  {
    "model": "core.customer",
    "pk": 53,
    "fields": {
      "active": true,
      "created_at": "2019-05-15T23:20:37.889Z",
      "modified_at": "2019-05-15T23:20:37.889Z",
      "name": "maria",
      "salary": "1100.0000",
      "gender": "F",
      "marital_status": 3,
      "district": 53
    }
  },
  {
    "model": "core.customer",
    "pk": 54,
    "fields": {
      "active": true,
      "created_at": "2019-05-15T23:20:37.889Z",
      "modified_at": "2019-05-15T23:20:37.889Z",
      "name": "mariana",
      "salary": "940.0000",
      "gender": "F",
      "marital_status": 4,
      "district": 54
    }
  },
  {
    "model": "core.customer",
    "pk": 55,
    "fields": {
      "active": true,
      "created_at": "2019-05-15T23:20:37.889Z",
      "modified_at": "2019-05-15T23:20:37.889Z",
      "name": "fabia",
      "salary": "890.0000",
      "gender": "F",
      "marital_status": 1,
      "district": 55
    }
  },
  {
    "model": "core.customer",
    "pk": 56,
    "fields": {
      "active": true,
      "created_at": "2019-05-15T23:20:37.889Z",
      "modified_at": "2019-05-15T23:20:37.889Z",
      "name": "fabiana",
      "salary": "740.0000",
      "gender": "F",
      "marital_status": 3,
      "district": 56
    }
  },
  {
    "model": "core.customer",
    "pk": 57,
    "fields": {
      "active": true,
      "created_at": "2019-05-15T23:20:37.889Z",
      "modified_at": "2019-05-15T23:20:37.889Z",
      "name": "pedro",
      "salary": "560.0000",
      "gender": "M",
      "marital_status": 4,
      "district": 57
    }
  },
  {
    "model": "core.customer",
    "pk": 58,
    "fields": {
      "active": true,
      "created_at": "2019-05-15T23:20:37.889Z",
      "modified_at": "2019-05-15T23:20:37.889Z",
      "name": "paula",
      "salary": "1300.0000",
      "gender": "F",
      "marital_status": 2,
      "district": 58
    }
  },
  {
    "model": "core.customer",
    "pk": 59,
    "fields": {
      "active": true,
      "created_at": "2019-05-15T23:20:37.889Z",
      "modified_at": "2019-05-15T23:20:37.889Z",
      "name": "paulo",
      "salary": "1600.0000",
      "gender": "M",
      "marital_status": 3,
      "district": 59
    }
  },
  {
    "model": "core.customer",
    "pk": 60,
    "fields": {
      "active": true,
      "created_at": "2019-05-15T23:20:37.889Z",
      "modified_at": "2019-05-15T23:20:37.889Z",
      "name": "ana",
      "salary": "1000.0000",
      "gender": "F",
      "marital_status": 1,
      "district": 60
    }
  },
  {
    "model": "core.customer",
    "pk": 61,
    "fields": {
      "active": true,
      "created_at": "2019-05-15T23:20:37.889Z",
      "modified_at": "2019-05-15T23:20:37.889Z",
      "name": "Monica",
      "salary": "12345.0000",
      "gender": "F",
      "marital_status": 1,
      "district": 62
    }
  },
  {
    "model": "core.customer",
    "pk": 62,
    "fields": {
      "active": true,
      "created_at": "2019-05-15T23:20:37.889Z",
      "modified_at": "2019-05-15T23:20:37.889Z",
      "name": "Antenor",
      "salary": "3247.0000",
      "gender": "M",
      "marital_status": 3,
      "district": 61
    }
  },
  {
    "model": "core.customer",
    "pk": 63,
    "fields": {
      "active": true,
      "created_at": "2019-05-15T23:20:37.889Z",
      "modified_at": "2019-05-15T23:20:37.889Z",
      "name": "Marcio",
      "salary": "1225.0000",
      "gender": "M",
      "marital_status": 2,
      "district": 63
    }
  },
  {
    "model": "core.customer",
    "pk": 64,
    "fields": {
      "active": true,
      "created_at": "2019-05-15T23:20:37.889Z",
      "modified_at": "2019-05-15T23:20:37.889Z",
      "name": "Vit\u00f3ria",
      "salary": "2500.0000",
      "gender": "F",
      "marital_status": 4,
      "district": 64
    }
  },
  {
    "model": "core.customer",
    "pk": 65,
    "fields": {
      "active": true,
      "created_at": "2019-05-15T23:20:37.889Z",
      "modified_at": "2019-05-15T23:20:37.889Z",
      "name": "Francisco",
      "salary": "1009.0000",
      "gender": "M",
      "marital_status": 3,
      "district": 65
    }
  },
  {
    "model": "core.customer",
    "pk": 66,
    "fields": {
      "active": true,
      "created_at": "2019-05-15T23:20:37.889Z",
      "modified_at": "2019-05-15T23:20:37.889Z",
      "name": "Wudyson",
      "salary": "12995.0000",
      "gender": "M",
      "marital_status": 1,
      "district": 66
    }
  },
  {
    "model": "core.customer",
    "pk": 67,
    "fields": {
      "active": true,
      "created_at": "2019-05-15T23:20:37.889Z",
      "modified_at": "2019-05-15T23:20:37.889Z",
      "name": "Naldiane",
      "salary": "3900.0000",
      "gender": "F",
      "marital_status": 2,
      "district": 67
    }
  },
  {
    "model": "core.customer",
    "pk": 68,
    "fields": {
      "active": true,
      "created_at": "2019-05-15T23:20:37.889Z",
      "modified_at": "2019-05-15T23:20:37.889Z",
      "name": "Juliana",
      "salary": "1555.0000",
      "gender": "F",
      "marital_status": 3,
      "district": 68
    }
  },
  {
    "model": "core.customer",
    "pk": 69,
    "fields": {
      "active": true,
      "created_at": "2019-05-15T23:20:37.889Z",
      "modified_at": "2019-05-15T23:20:37.889Z",
      "name": "Renata",
      "salary": "19945.0000",
      "gender": "F",
      "marital_status": 4,
      "district": 69
    }
  },
  {
    "model": "core.customer",
    "pk": 70,
    "fields": {
      "active": true,
      "created_at": "2019-05-15T23:20:37.889Z",
      "modified_at": "2019-05-15T23:20:37.889Z",
      "name": "Valdir",
      "salary": "8795.0000",
      "gender": "F",
      "marital_status": 3,
      "district": 70
    }
  },
  {
    "model": "core.branchoffice",
    "pk": 1,
    "fields": {
      "active": true,
      "created_at": "2019-05-15T23:20:37.889Z",
      "modified_at": "2019-05-15T23:20:37.889Z",
      "name": "Carrefour filho",
      "district": 1
    }
  },
  {
    "model": "core.branchoffice",
    "pk": 2,
    "fields": {
      "active": true,
      "created_at": "2019-05-15T23:20:37.889Z",
      "modified_at": "2019-05-15T23:20:37.889Z",
      "name": "Terra da Amazonia",
      "district": 11
    }
  },
  {
    "model": "core.branchoffice",
    "pk": 3,
    "fields": {
      "active": true,
      "created_at": "2019-05-15T23:20:37.889Z",
      "modified_at": "2019-05-15T23:20:37.889Z",
      "name": "COR & FORMA SP",
      "district": 23
    }
  },
  {
    "model": "core.branchoffice",
    "pk": 4,
    "fields": {
      "active": true,
      "created_at": "2019-05-15T23:20:37.889Z",
      "modified_at": "2019-05-15T23:20:37.889Z",
      "name": "Distribuidora 2 Irm\u00e3os",
      "district": 31
    }
  },
  {
    "model": "core.branchoffice",
    "pk": 5,
    "fields": {
      "active": true,
      "created_at": "2019-05-15T23:20:37.889Z",
      "modified_at": "2019-05-15T23:20:37.889Z",
      "name": "Souza Filial Ltda",
      "district": 44
    }
  },
  {
    "model": "core.branchoffice",
    "pk": 6,
    "fields": {
      "active": true,
      "created_at": "2019-05-15T23:20:37.889Z",
      "modified_at": "2019-05-15T23:20:37.889Z",
      "name": "Samsung",
      "district": 53
    }
  },
  {
    "model": "core.branchoffice",
    "pk": 7,
    "fields": {
      "active": true,
      "created_at": "2019-05-15T23:20:37.889Z",
      "modified_at": "2019-05-15T23:20:37.889Z",
      "name": "Armazem do Ceara",
      "district": 61
    }
  },
  {
    "model": "core.supplier",
    "pk": 1,
    "fields": {
      "active": true,
      "created_at": "2019-05-15T23:20:37.889Z",
      "modified_at": "2019-05-15T23:20:37.889Z",
      "name": "Abaga",
      "district": 1
    }
  },
  {
    "model": "core.supplier",
    "pk": 2,
    "fields": {
      "active": true,
      "created_at": "2019-05-15T23:20:37.889Z",
      "modified_at": "2019-05-15T23:20:37.889Z",
      "name": "Amazonia PC",
      "district": 11
    }
  },
  {
    "model": "core.supplier",
    "pk": 3,
    "fields": {
      "active": true,
      "created_at": "2019-05-15T23:20:37.889Z",
      "modified_at": "2019-05-15T23:20:37.889Z",
      "name": "COR E FORMA",
      "district": 3
    }
  },
  {
    "model": "core.supplier",
    "pk": 4,
    "fields": {
      "active": true,
      "created_at": "2019-05-15T23:20:37.889Z",
      "modified_at": "2019-05-15T23:20:37.889Z",
      "name": "Distribuidora de Bebidas",
      "district": 31
    }
  },
  {
    "model": "core.supplier",
    "pk": 5,
    "fields": {
      "active": true,
      "created_at": "2019-05-15T23:20:37.889Z",
      "modified_at": "2019-05-15T23:20:37.889Z",
      "name": "Souza M.C Ltda",
      "district": 44
    }
  },
  {
    "model": "core.supplier",
    "pk": 6,
    "fields": {
      "active": true,
      "created_at": "2019-05-15T23:20:37.889Z",
      "modified_at": "2019-05-15T23:20:37.889Z",
      "name": "City Lar",
      "district": 54
    }
  },
  {
    "model": "core.supplier",
    "pk": 7,
    "fields": {
      "active": true,
      "created_at": "2019-05-15T23:20:37.889Z",
      "modified_at": "2019-05-15T23:20:37.889Z",
      "name": "Albuquerque",
      "district": 61
    }
  },
  {
    "model": "core.departament",
    "pk": 1,
    "fields": {
      "active": true,
      "created_at": "2019-05-15T23:20:37.889Z",
      "modified_at": "2019-05-15T23:20:37.889Z",
      "name": "Administrativo"
    }
  },
  {
    "model": "core.departament",
    "pk": 2,
    "fields": {
      "active": true,
      "created_at": "2019-05-15T23:20:37.889Z",
      "modified_at": "2019-05-15T23:20:37.889Z",
      "name": "Tecnologia da Informa\u00e7\u00e3o"
    }
  },
  {
    "model": "core.departament",
    "pk": 3,
    "fields": {
      "active": true,
      "created_at": "2019-05-15T23:20:37.889Z",
      "modified_at": "2019-05-15T23:20:37.889Z",
      "name": "Comercial"
    }
  },
  {
    "model": "core.departament",
    "pk": 4,
    "fields": {
      "active": true,
      "created_at": "2019-05-15T23:20:37.889Z",
      "modified_at": "2019-05-15T23:20:37.889Z",
      "name": "Diretoria"
    }
  },
  {
    "model": "core.departament",
    "pk": 5,
    "fields": {
      "active": true,
      "created_at": "2019-05-15T23:20:37.889Z",
      "modified_at": "2019-05-15T23:20:37.889Z",
      "name": "Estoque"
    }
  },
  {
    "model": "core.departament",
    "pk": 6,
    "fields": {
      "active": true,
      "created_at": "2019-05-15T23:20:37.889Z",
      "modified_at": "2019-05-15T23:20:37.889Z",
      "name": "Financeiro"
    }
  },
  {
    "model": "core.departament",
    "pk": 7,
    "fields": {
      "active": true,
      "created_at": "2019-05-15T23:20:37.889Z",
      "modified_at": "2019-05-15T23:20:37.889Z",
      "name": "Ger\u00eancia"
    }
  },
  {
    "model": "core.departament",
    "pk": 9,
    "fields": {
      "active": true,
      "created_at": "2019-05-16T19:10:34.535Z",
      "modified_at": "2019-05-16T19:10:34.535Z",
      "name": "departamento alterado"
    }
  },
  {
    "model": "core.employee",
    "pk": 1,
    "fields": {
      "active": true,
      "created_at": "2019-05-15T23:20:37.889Z",
      "modified_at": "2019-05-15T23:20:37.889Z",
      "name": "Aureliano Neves",
      "salary": "5500.0000",
      "admission_date": "2009-05-21",
      "date_birth": "1992-10-05",
      "departament": 1,
      "marital_status": 1,
      "manager": null
    }
  },
  {
    "model": "core.employee",
    "pk": 2,
    "fields": {
      "active": true,
      "created_at": "2019-05-15T23:20:37.889Z",
      "modified_at": "2019-05-15T23:20:37.889Z",
      "name": "Adriano Santos",
      "salary": "5500.0000",
      "admission_date": "2007-12-01",
      "date_birth": "1991-11-14",
      "departament": 1,
      "marital_status": 2,
      "manager": null
    }
  },
  {
    "model": "core.employee",
    "pk": 3,
    "fields": {
      "active": true,
      "created_at": "2019-05-15T23:20:37.889Z",
      "modified_at": "2019-05-15T23:20:37.889Z",
      "name": "Armando Nascimento",
      "salary": "5500.0000",
      "admission_date": "2010-01-11",
      "date_birth": "1989-11-02",
      "departament": 1,
      "marital_status": 3,
      "manager": null
    }
  },
  {
    "model": "core.employee",
    "pk": 4,
    "fields": {
      "active": true,
      "created_at": "2019-05-15T23:20:37.889Z",
      "modified_at": "2019-05-15T23:20:37.889Z",
      "name": "Amarildo Nunes",
      "salary": "5500.0000",
      "admission_date": "2011-05-13",
      "date_birth": "1988-06-19",
      "departament": 1,
      "marital_status": 4,
      "manager": null
    }
  },
  {
    "model": "core.employee",
    "pk": 5,
    "fields": {
      "active": true,
      "created_at": "2019-05-15T23:20:37.889Z",
      "modified_at": "2019-05-15T23:20:37.889Z",
      "name": "Amanda Nogueira",
      "salary": "5500.0000",
      "admission_date": "2010-02-15",
      "date_birth": "1985-07-16",
      "departament": 1,
      "marital_status": 4,
      "manager": 1
    }
  },
  {
    "model": "core.employee",
    "pk": 6,
    "fields": {
      "active": true,
      "created_at": "2019-05-15T23:20:37.889Z",
      "modified_at": "2019-05-15T23:20:37.889Z",
      "name": "Amancio Picoli",
      "salary": "5500.0000",
      "admission_date": "2002-03-03",
      "date_birth": "1969-09-02",
      "departament": 1,
      "marital_status": 1,
      "manager": 3
    }
  },
  {
    "model": "core.employee",
    "pk": 7,
    "fields": {
      "active": true,
      "created_at": "2019-05-15T23:20:37.889Z",
      "modified_at": "2019-05-15T23:20:37.889Z",
      "name": "Aziraldo Chavier",
      "salary": "5500.0000",
      "admission_date": "2001-08-09",
      "date_birth": "1993-11-05",
      "departament": 1,
      "marital_status": 2,
      "manager": null
    }
  },
  {
    "model": "core.employee",
    "pk": 8,
    "fields": {
      "active": true,
      "created_at": "2019-05-15T23:20:37.889Z",
      "modified_at": "2019-05-15T23:20:37.889Z",
      "name": "Antonio Fragoso",
      "salary": "5500.0000",
      "admission_date": "2005-04-23",
      "date_birth": "1984-11-20",
      "departament": 1,
      "marital_status": 3,
      "manager": 1
    }
  },
  {
    "model": "core.employee",
    "pk": 9,
    "fields": {
      "active": true,
      "created_at": "2019-05-15T23:20:37.889Z",
      "modified_at": "2019-05-15T23:20:37.889Z",
      "name": "Antonio Conselheiro",
      "salary": "5500.0000",
      "admission_date": "2011-09-08",
      "date_birth": "1990-02-09",
      "departament": 1,
      "marital_status": 2,
      "manager": 4
    }
  },
  {
    "model": "core.employee",
    "pk": 10,
    "fields": {
      "active": true,
      "created_at": "2019-05-15T23:20:37.889Z",
      "modified_at": "2019-05-15T23:20:37.889Z",
      "name": "Anselmo Gomes",
      "salary": "5500.0000",
      "admission_date": "2001-11-25",
      "date_birth": "1975-01-01",
      "departament": 1,
      "marital_status": 1,
      "manager": null
    }
  },
  {
    "model": "core.employee",
    "pk": 11,
    "fields": {
      "active": true,
      "created_at": "2019-05-15T23:20:37.889Z",
      "modified_at": "2019-05-15T23:20:37.889Z",
      "name": "Anderson Silva",
      "salary": "1110.0000",
      "admission_date": "2009-05-11",
      "date_birth": "2012-06-01",
      "departament": 2,
      "marital_status": 1,
      "manager": null
    }
  },
  {
    "model": "core.employee",
    "pk": 12,
    "fields": {
      "active": true,
      "created_at": "2019-05-15T23:20:37.889Z",
      "modified_at": "2019-05-15T23:20:37.889Z",
      "name": "Levy Saraiva",
      "salary": "10012.0000",
      "admission_date": "2010-05-12",
      "date_birth": "2012-06-01",
      "departament": 2,
      "marital_status": 1,
      "manager": 11
    }
  },
  {
    "model": "core.employee",
    "pk": 13,
    "fields": {
      "active": true,
      "created_at": "2019-05-15T23:20:37.889Z",
      "modified_at": "2019-05-15T23:20:37.889Z",
      "name": "Milena Moras",
      "salary": "22000.0000",
      "admission_date": "2008-05-13",
      "date_birth": "2012-06-01",
      "departament": 2,
      "marital_status": 1,
      "manager": 11
    }
  },
  {
    "model": "core.employee",
    "pk": 14,
    "fields": {
      "active": true,
      "created_at": "2019-05-15T23:20:37.889Z",
      "modified_at": "2019-05-15T23:20:37.889Z",
      "name": "Marcos Lobo",
      "salary": "120.0000",
      "admission_date": "2007-05-14",
      "date_birth": "2012-06-01",
      "departament": 2,
      "marital_status": 1,
      "manager": 11
    }
  },
  {
    "model": "core.employee",
    "pk": 15,
    "fields": {
      "active": true,
      "created_at": "2019-05-15T23:20:37.889Z",
      "modified_at": "2019-05-15T23:20:37.889Z",
      "name": "kelly Lainny",
      "salary": "5560.0000",
      "admission_date": "2007-05-15",
      "date_birth": "2012-06-01",
      "departament": 2,
      "marital_status": 1,
      "manager": 11
    }
  },
  {
    "model": "core.employee",
    "pk": 16,
    "fields": {
      "active": true,
      "created_at": "2019-05-15T23:20:37.889Z",
      "modified_at": "2019-05-15T23:20:37.889Z",
      "name": "Maria Antonia",
      "salary": "1540.0000",
      "admission_date": "2006-05-16",
      "date_birth": "2012-06-01",
      "departament": 2,
      "marital_status": 1,
      "manager": 11
    }
  },
  {
    "model": "core.employee",
    "pk": 17,
    "fields": {
      "active": true,
      "created_at": "2019-05-15T23:20:37.889Z",
      "modified_at": "2019-05-15T23:20:37.889Z",
      "name": "Anjela Silva",
      "salary": "2200.0000",
      "admission_date": "2005-05-17",
      "date_birth": "2012-06-01",
      "departament": 2,
      "marital_status": 1,
      "manager": 11
    }
  },
  {
    "model": "core.employee",
    "pk": 18,
    "fields": {
      "active": true,
      "created_at": "2019-05-15T23:20:37.889Z",
      "modified_at": "2019-05-15T23:20:37.889Z",
      "name": "Juliano Moras",
      "salary": "1200.0000",
      "admission_date": "2004-05-18",
      "date_birth": "2012-06-01",
      "departament": 2,
      "marital_status": 1,
      "manager": 11
    }
  },
  {
    "model": "core.employee",
    "pk": 19,
    "fields": {
      "active": true,
      "created_at": "2019-05-15T23:20:37.889Z",
      "modified_at": "2019-05-15T23:20:37.889Z",
      "name": "Marcos Luck",
      "salary": "6000.0000",
      "admission_date": "2001-05-19",
      "date_birth": "2012-06-01",
      "departament": 2,
      "marital_status": 1,
      "manager": 11
    }
  },
  {
    "model": "core.employee",
    "pk": 20,
    "fields": {
      "active": true,
      "created_at": "2019-05-15T23:20:37.889Z",
      "modified_at": "2019-05-15T23:20:37.889Z",
      "name": "Luiz Inacio",
      "salary": "13540.0000",
      "admission_date": "2000-05-01",
      "date_birth": "2012-06-01",
      "departament": 2,
      "marital_status": 1,
      "manager": 11
    }
  },
  {
    "model": "core.employee",
    "pk": 21,
    "fields": {
      "active": true,
      "created_at": "2019-05-15T23:20:37.889Z",
      "modified_at": "2019-05-15T23:20:37.889Z",
      "name": "Carlos boolen",
      "salary": "600.0000",
      "admission_date": "2011-02-05",
      "date_birth": "1980-02-10",
      "departament": 3,
      "marital_status": 1,
      "manager": 21
    }
  },
  {
    "model": "core.employee",
    "pk": 22,
    "fields": {
      "active": true,
      "created_at": "2019-05-15T23:20:37.889Z",
      "modified_at": "2019-05-15T23:20:37.889Z",
      "name": "Cassio",
      "salary": "1000.0000",
      "admission_date": "2011-02-05",
      "date_birth": "1980-02-05",
      "departament": 3,
      "marital_status": 1,
      "manager": 21
    }
  },
  {
    "model": "core.employee",
    "pk": 23,
    "fields": {
      "active": true,
      "created_at": "2019-05-15T23:20:37.889Z",
      "modified_at": "2019-05-15T23:20:37.889Z",
      "name": "Ceara",
      "salary": "500.0000",
      "admission_date": "2011-02-05",
      "date_birth": "1980-06-12",
      "departament": 3,
      "marital_status": 1,
      "manager": 21
    }
  },
  {
    "model": "core.employee",
    "pk": 24,
    "fields": {
      "active": true,
      "created_at": "2019-05-15T23:20:37.889Z",
      "modified_at": "2019-05-15T23:20:37.889Z",
      "name": "Caca",
      "salary": "600.0000",
      "admission_date": "2011-06-05",
      "date_birth": "1980-05-13",
      "departament": 3,
      "marital_status": 1,
      "manager": 21
    }
  },
  {
    "model": "core.employee",
    "pk": 25,
    "fields": {
      "active": true,
      "created_at": "2019-05-15T23:20:37.889Z",
      "modified_at": "2019-05-15T23:20:37.889Z",
      "name": "Carlos aguiar ",
      "salary": "300.0000",
      "admission_date": "2011-02-05",
      "date_birth": "1980-06-22",
      "departament": 3,
      "marital_status": 1,
      "manager": 21
    }
  },
  {
    "model": "core.employee",
    "pk": 26,
    "fields": {
      "active": true,
      "created_at": "2019-05-15T23:20:37.889Z",
      "modified_at": "2019-05-15T23:20:37.889Z",
      "name": "Cirilo",
      "salary": "5000.0000",
      "admission_date": "2011-05-05",
      "date_birth": "1980-08-25",
      "departament": 3,
      "marital_status": 1,
      "manager": 21
    }
  },
  {
    "model": "core.employee",
    "pk": 27,
    "fields": {
      "active": true,
      "created_at": "2019-05-15T23:20:37.889Z",
      "modified_at": "2019-05-15T23:20:37.889Z",
      "name": "Carlos daniel",
      "salary": "600.0000",
      "admission_date": "2011-02-05",
      "date_birth": "1980-02-05",
      "departament": 3,
      "marital_status": 1,
      "manager": 21
    }
  },
  {
    "model": "core.employee",
    "pk": 28,
    "fields": {
      "active": true,
      "created_at": "2019-05-15T23:20:37.889Z",
      "modified_at": "2019-05-15T23:20:37.889Z",
      "name": "Carlos novaes",
      "salary": "5000.0000",
      "admission_date": "2011-02-09",
      "date_birth": "1980-10-04",
      "departament": 3,
      "marital_status": 1,
      "manager": 21
    }
  },
  {
    "model": "core.employee",
    "pk": 29,
    "fields": {
      "active": true,
      "created_at": "2019-05-15T23:20:37.889Z",
      "modified_at": "2019-05-15T23:20:37.889Z",
      "name": "Cintia",
      "salary": "100.0000",
      "admission_date": "2011-07-20",
      "date_birth": "1980-12-05",
      "departament": 3,
      "marital_status": 1,
      "manager": 21
    }
  },
  {
    "model": "core.employee",
    "pk": 30,
    "fields": {
      "active": true,
      "created_at": "2019-05-15T23:20:37.889Z",
      "modified_at": "2019-05-15T23:20:37.889Z",
      "name": "cicilia",
      "salary": "800.0000",
      "admission_date": "2011-06-11",
      "date_birth": "1980-10-01",
      "departament": 3,
      "marital_status": 1,
      "manager": 21
    }
  },
  {
    "model": "core.employee",
    "pk": 31,
    "fields": {
      "active": true,
      "created_at": "2019-05-15T23:20:37.889Z",
      "modified_at": "2019-05-15T23:20:37.889Z",
      "name": "Demortes",
      "salary": "500.0000",
      "admission_date": "2005-01-02",
      "date_birth": "1980-02-03",
      "departament": 4,
      "marital_status": 1,
      "manager": null
    }
  },
  {
    "model": "core.employee",
    "pk": 32,
    "fields": {
      "active": true,
      "created_at": "2019-05-15T23:20:37.889Z",
      "modified_at": "2019-05-15T23:20:37.889Z",
      "name": "Dennis",
      "salary": "600.0000",
      "admission_date": "2005-02-03",
      "date_birth": "1981-02-03",
      "departament": 4,
      "marital_status": 2,
      "manager": null
    }
  },
  {
    "model": "core.employee",
    "pk": 33,
    "fields": {
      "active": true,
      "created_at": "2019-05-15T23:20:37.889Z",
      "modified_at": "2019-05-15T23:20:37.889Z",
      "name": "Diego",
      "salary": "700.0000",
      "admission_date": "2002-03-09",
      "date_birth": "1982-02-03",
      "departament": 4,
      "marital_status": 3,
      "manager": null
    }
  },
  {
    "model": "core.employee",
    "pk": 34,
    "fields": {
      "active": true,
      "created_at": "2019-05-15T23:20:37.889Z",
      "modified_at": "2019-05-15T23:20:37.889Z",
      "name": "Darla",
      "salary": "800.0000",
      "admission_date": "2003-04-08",
      "date_birth": "1983-02-03",
      "departament": 4,
      "marital_status": 4,
      "manager": null
    }
  },
  {
    "model": "core.employee",
    "pk": 35,
    "fields": {
      "active": true,
      "created_at": "2019-05-15T23:20:37.889Z",
      "modified_at": "2019-05-15T23:20:37.889Z",
      "name": "Deborah",
      "salary": "900.0000",
      "admission_date": "2004-05-07",
      "date_birth": "1979-02-03",
      "departament": 4,
      "marital_status": 1,
      "manager": null
    }
  },
  {
    "model": "core.employee",
    "pk": 36,
    "fields": {
      "active": true,
      "created_at": "2019-05-15T23:20:37.889Z",
      "modified_at": "2019-05-15T23:20:37.889Z",
      "name": "Deise",
      "salary": "1000.0000",
      "admission_date": "2000-06-06",
      "date_birth": "1978-02-03",
      "departament": 4,
      "marital_status": 2,
      "manager": null
    }
  },
  {
    "model": "core.employee",
    "pk": 37,
    "fields": {
      "active": true,
      "created_at": "2019-05-15T23:20:37.889Z",
      "modified_at": "2019-05-15T23:20:37.889Z",
      "name": "Denise",
      "salary": "500.0000",
      "admission_date": "2001-06-05",
      "date_birth": "1977-02-03",
      "departament": 4,
      "marital_status": 3,
      "manager": null
    }
  },
  {
    "model": "core.employee",
    "pk": 38,
    "fields": {
      "active": true,
      "created_at": "2019-05-15T23:20:37.889Z",
      "modified_at": "2019-05-15T23:20:37.889Z",
      "name": "Diogo",
      "salary": "600.0000",
      "admission_date": "2002-07-04",
      "date_birth": "1976-02-03",
      "departament": 4,
      "marital_status": 4,
      "manager": null
    }
  },
  {
    "model": "core.employee",
    "pk": 39,
    "fields": {
      "active": true,
      "created_at": "2019-05-15T23:20:37.889Z",
      "modified_at": "2019-05-15T23:20:37.889Z",
      "name": "Daniel",
      "salary": "700.0000",
      "admission_date": "2005-01-02",
      "date_birth": "1986-02-03",
      "departament": 4,
      "marital_status": 1,
      "manager": null
    }
  },
  {
    "model": "core.employee",
    "pk": 40,
    "fields": {
      "active": true,
      "created_at": "2019-05-15T23:20:37.889Z",
      "modified_at": "2019-05-15T23:20:37.889Z",
      "name": "Dunga",
      "salary": "800.0000",
      "admission_date": "2006-01-03",
      "date_birth": "1987-02-03",
      "departament": 4,
      "marital_status": 2,
      "manager": null
    }
  },
  {
    "model": "core.employee",
    "pk": 41,
    "fields": {
      "active": true,
      "created_at": "2019-05-15T23:20:37.889Z",
      "modified_at": "2019-05-15T23:20:37.889Z",
      "name": "Elkson",
      "salary": "6000.0000",
      "admission_date": "2011-09-02",
      "date_birth": "1984-06-13",
      "departament": 5,
      "marital_status": 1,
      "manager": 41
    }
  },
  {
    "model": "core.employee",
    "pk": 42,
    "fields": {
      "active": true,
      "created_at": "2019-05-15T23:20:37.889Z",
      "modified_at": "2019-05-15T23:20:37.889Z",
      "name": "Ellen",
      "salary": "1500.0000",
      "admission_date": "2011-09-03",
      "date_birth": "1984-08-13",
      "departament": 5,
      "marital_status": 1,
      "manager": 42
    }
  },
  {
    "model": "core.employee",
    "pk": 43,
    "fields": {
      "active": true,
      "created_at": "2019-05-15T23:20:37.889Z",
      "modified_at": "2019-05-15T23:20:37.889Z",
      "name": "Elisio",
      "salary": "2000.0000",
      "admission_date": "2011-06-01",
      "date_birth": "1982-02-10",
      "departament": 5,
      "marital_status": 1,
      "manager": 43
    }
  },
  {
    "model": "core.employee",
    "pk": 44,
    "fields": {
      "active": true,
      "created_at": "2019-05-15T23:20:37.889Z",
      "modified_at": "2019-05-15T23:20:37.889Z",
      "name": "Elza",
      "salary": "3500.0000",
      "admission_date": "2011-08-02",
      "date_birth": "1980-08-26",
      "departament": 5,
      "marital_status": 1,
      "manager": 44
    }
  },
  {
    "model": "core.employee",
    "pk": 45,
    "fields": {
      "active": true,
      "created_at": "2019-05-15T23:20:37.889Z",
      "modified_at": "2019-05-15T23:20:37.889Z",
      "name": "Edite",
      "salary": "2000.0000",
      "admission_date": "2011-07-15",
      "date_birth": "1983-01-24",
      "departament": 5,
      "marital_status": 1,
      "manager": 45
    }
  },
  {
    "model": "core.employee",
    "pk": 46,
    "fields": {
      "active": true,
      "created_at": "2019-05-15T23:20:37.889Z",
      "modified_at": "2019-05-15T23:20:37.889Z",
      "name": "Ester",
      "salary": "2500.0000",
      "admission_date": "2011-09-02",
      "date_birth": "1986-06-13",
      "departament": 5,
      "marital_status": 1,
      "manager": 46
    }
  },
  {
    "model": "core.employee",
    "pk": 47,
    "fields": {
      "active": true,
      "created_at": "2019-05-15T23:20:37.889Z",
      "modified_at": "2019-05-15T23:20:37.889Z",
      "name": "Edna",
      "salary": "1500.0000",
      "admission_date": "2011-09-03",
      "date_birth": "1984-06-13",
      "departament": 5,
      "marital_status": 1,
      "manager": 47
    }
  },
  {
    "model": "core.employee",
    "pk": 48,
    "fields": {
      "active": true,
      "created_at": "2019-05-15T23:20:37.889Z",
      "modified_at": "2019-05-15T23:20:37.889Z",
      "name": "Eder",
      "salary": "2000.0000",
      "admission_date": "2011-06-01",
      "date_birth": "1980-02-10",
      "departament": 5,
      "marital_status": 1,
      "manager": 48
    }
  },
  {
    "model": "core.employee",
    "pk": 49,
    "fields": {
      "active": true,
      "created_at": "2019-05-15T23:20:37.889Z",
      "modified_at": "2019-05-15T23:20:37.889Z",
      "name": "Emilio",
      "salary": "3500.0000",
      "admission_date": "2011-08-02",
      "date_birth": "1980-08-26",
      "departament": 5,
      "marital_status": 1,
      "manager": 49
    }
  },
  {
    "model": "core.employee",
    "pk": 50,
    "fields": {
      "active": true,
      "created_at": "2019-05-15T23:20:37.889Z",
      "modified_at": "2019-05-15T23:20:37.889Z",
      "name": "Elson",
      "salary": "2000.0000",
      "admission_date": "2011-07-15",
      "date_birth": "1983-09-24",
      "departament": 5,
      "marital_status": 1,
      "manager": 50
    }
  },
  {
    "model": "core.employee",
    "pk": 51,
    "fields": {
      "active": true,
      "created_at": "2019-05-15T23:20:37.889Z",
      "modified_at": "2019-05-15T23:20:37.889Z",
      "name": "Fabio",
      "salary": "650.0000",
      "admission_date": "2011-03-21",
      "date_birth": "1999-10-01",
      "departament": 6,
      "marital_status": 2,
      "manager": null
    }
  },
  {
    "model": "core.employee",
    "pk": 52,
    "fields": {
      "active": true,
      "created_at": "2019-05-15T23:20:37.889Z",
      "modified_at": "2019-05-15T23:20:37.889Z",
      "name": "Fabricio",
      "salary": "750.0000",
      "admission_date": "2011-04-22",
      "date_birth": "1990-10-01",
      "departament": 6,
      "marital_status": 3,
      "manager": null
    }
  },
  {
    "model": "core.employee",
    "pk": 53,
    "fields": {
      "active": true,
      "created_at": "2019-05-15T23:20:37.889Z",
      "modified_at": "2019-05-15T23:20:37.889Z",
      "name": "Fagner",
      "salary": "1150.0000",
      "admission_date": "2010-03-21",
      "date_birth": "1998-10-01",
      "departament": 6,
      "marital_status": 1,
      "manager": null
    }
  },
  {
    "model": "core.employee",
    "pk": 54,
    "fields": {
      "active": true,
      "created_at": "2019-05-15T23:20:37.889Z",
      "modified_at": "2019-05-15T23:20:37.889Z",
      "name": "Felipe",
      "salary": "2650.0000",
      "admission_date": "2011-02-21",
      "date_birth": "1997-10-01",
      "departament": 6,
      "marital_status": 1,
      "manager": null
    }
  },
  {
    "model": "core.employee",
    "pk": 55,
    "fields": {
      "active": true,
      "created_at": "2019-05-15T23:20:37.889Z",
      "modified_at": "2019-05-15T23:20:37.889Z",
      "name": "Fabiana",
      "salary": "1250.0000",
      "admission_date": "2010-12-21",
      "date_birth": "1989-10-01",
      "departament": 6,
      "marital_status": 3,
      "manager": null
    }
  },
  {
    "model": "core.employee",
    "pk": 56,
    "fields": {
      "active": true,
      "created_at": "2019-05-15T23:20:37.889Z",
      "modified_at": "2019-05-15T23:20:37.889Z",
      "name": "Fagna",
      "salary": "950.0000",
      "admission_date": "2000-10-21",
      "date_birth": "1979-08-01",
      "departament": 6,
      "marital_status": 3,
      "manager": null
    }
  },
  {
    "model": "core.employee",
    "pk": 57,
    "fields": {
      "active": true,
      "created_at": "2019-05-15T23:20:37.889Z",
      "modified_at": "2019-05-15T23:20:37.889Z",
      "name": "Franciele",
      "salary": "450.0000",
      "admission_date": "2010-12-21",
      "date_birth": "1989-10-01",
      "departament": 6,
      "marital_status": 1,
      "manager": null
    }
  },
  {
    "model": "core.employee",
    "pk": 58,
    "fields": {
      "active": true,
      "created_at": "2019-05-15T23:20:37.889Z",
      "modified_at": "2019-05-15T23:20:37.889Z",
      "name": "Fabia",
      "salary": "1250.0000",
      "admission_date": "2010-12-21",
      "date_birth": "1989-10-01",
      "departament": 6,
      "marital_status": 2,
      "manager": null
    }
  },
  {
    "model": "core.employee",
    "pk": 59,
    "fields": {
      "active": true,
      "created_at": "2019-05-15T23:20:37.889Z",
      "modified_at": "2019-05-15T23:20:37.889Z",
      "name": "Francinei",
      "salary": "950.0000",
      "admission_date": "2010-12-21",
      "date_birth": "1989-10-01",
      "departament": 6,
      "marital_status": 3,
      "manager": null
    }
  },
  {
    "model": "core.employee",
    "pk": 60,
    "fields": {
      "active": true,
      "created_at": "2019-05-15T23:20:37.889Z",
      "modified_at": "2019-05-15T23:20:37.889Z",
      "name": "Francineia",
      "salary": "1250.0000",
      "admission_date": "2010-12-21",
      "date_birth": "1989-10-01",
      "departament": 6,
      "marital_status": 3,
      "manager": null
    }
  },
  {
    "model": "core.employee",
    "pk": 61,
    "fields": {
      "active": true,
      "created_at": "2019-05-15T23:20:37.889Z",
      "modified_at": "2019-05-15T23:20:37.889Z",
      "name": "gabriel",
      "salary": "3000.0000",
      "admission_date": "1989-12-12",
      "date_birth": "1965-12-03",
      "departament": 7,
      "marital_status": 1,
      "manager": 61
    }
  },
  {
    "model": "core.employee",
    "pk": 62,
    "fields": {
      "active": true,
      "created_at": "2019-05-15T23:20:37.889Z",
      "modified_at": "2019-05-15T23:20:37.889Z",
      "name": "gabriela",
      "salary": "1000.0000",
      "admission_date": "2011-12-02",
      "date_birth": "1961-09-29",
      "departament": 7,
      "marital_status": 3,
      "manager": 62
    }
  },
  {
    "model": "core.employee",
    "pk": 63,
    "fields": {
      "active": true,
      "created_at": "2019-05-15T23:20:37.889Z",
      "modified_at": "2019-05-15T23:20:37.889Z",
      "name": "gabi",
      "salary": "1700.0000",
      "admission_date": "2009-01-09",
      "date_birth": "1939-12-27",
      "departament": 7,
      "marital_status": 4,
      "manager": 63
    }
  },
  {
    "model": "core.employee",
    "pk": 64,
    "fields": {
      "active": true,
      "created_at": "2019-05-15T23:20:37.889Z",
      "modified_at": "2019-05-15T23:20:37.889Z",
      "name": "jandi",
      "salary": "1600.0000",
      "admission_date": "1999-12-31",
      "date_birth": "1972-12-12",
      "departament": 7,
      "marital_status": 2,
      "manager": 64
    }
  },
  {
    "model": "core.employee",
    "pk": 65,
    "fields": {
      "active": true,
      "created_at": "2019-05-15T23:20:37.889Z",
      "modified_at": "2019-05-15T23:20:37.889Z",
      "name": "gaspar",
      "salary": "1900.0000",
      "admission_date": "1989-07-23",
      "date_birth": "1969-05-11",
      "departament": 7,
      "marital_status": 1,
      "manager": 65
    }
  },
  {
    "model": "core.employee",
    "pk": 66,
    "fields": {
      "active": true,
      "created_at": "2019-05-15T23:20:37.889Z",
      "modified_at": "2019-05-15T23:20:37.889Z",
      "name": "gerson",
      "salary": "1300.0000",
      "admission_date": "1989-05-30",
      "date_birth": "1963-03-19",
      "departament": 7,
      "marital_status": 2,
      "manager": 66
    }
  },
  {
    "model": "core.employee",
    "pk": 67,
    "fields": {
      "active": true,
      "created_at": "2019-05-15T23:20:37.889Z",
      "modified_at": "2019-05-15T23:20:37.889Z",
      "name": "genesio",
      "salary": "3000.0000",
      "admission_date": "1989-02-25",
      "date_birth": "1969-12-17",
      "departament": 7,
      "marital_status": 3,
      "manager": 67
    }
  },
  {
    "model": "core.employee",
    "pk": 68,
    "fields": {
      "active": true,
      "created_at": "2019-05-15T23:20:37.889Z",
      "modified_at": "2019-05-15T23:20:37.889Z",
      "name": "george",
      "salary": "3400.0000",
      "admission_date": "1978-09-09",
      "date_birth": "1915-02-21",
      "departament": 7,
      "marital_status": 4,
      "manager": 68
    }
  },
  {
    "model": "core.employee",
    "pk": 69,
    "fields": {
      "active": true,
      "created_at": "2019-05-15T23:20:37.889Z",
      "modified_at": "2019-05-15T23:20:37.889Z",
      "name": "geraldo",
      "salary": "3300.0000",
      "admission_date": "1998-02-21",
      "date_birth": "1959-03-21",
      "departament": 7,
      "marital_status": 1,
      "manager": 69
    }
  },
  {
    "model": "core.employee",
    "pk": 70,
    "fields": {
      "active": true,
      "created_at": "2019-05-15T23:20:37.889Z",
      "modified_at": "2019-05-15T23:20:37.889Z",
      "name": "giovani",
      "salary": "3700.0000",
      "admission_date": "2001-02-21",
      "date_birth": "1981-05-13",
      "departament": 7,
      "marital_status": 2,
      "manager": 70
    }
  },
  {
    "model": "core.productgroup",
    "pk": 1,
    "fields": {
      "active": true,
      "created_at": "2019-05-15T23:20:37.889Z",
      "modified_at": "2019-05-15T23:20:37.889Z",
      "description": "Aliment\u00edcios",
      "commission_percentage": "10.0000",
      "gain_percentage": "25.0000"
    }
  },
  {
    "model": "core.productgroup",
    "pk": 2,
    "fields": {
      "active": true,
      "created_at": "2019-05-15T23:20:37.889Z",
      "modified_at": "2019-05-15T23:20:37.889Z",
      "description": "Bebidas",
      "commission_percentage": "10.0000",
      "gain_percentage": "25.0000"
    }
  },
  {
    "model": "core.productgroup",
    "pk": 3,
    "fields": {
      "active": true,
      "created_at": "2019-05-15T23:20:37.889Z",
      "modified_at": "2019-05-15T23:20:37.889Z",
      "description": "Limpeza",
      "commission_percentage": "10.0000",
      "gain_percentage": "25.0000"
    }
  },
  {
    "model": "core.productgroup",
    "pk": 4,
    "fields": {
      "active": true,
      "created_at": "2019-05-15T23:20:37.889Z",
      "modified_at": "2019-05-15T23:20:37.889Z",
      "description": "Materiais de Constru\u00e7\u00e3o",
      "commission_percentage": "10.0000",
      "gain_percentage": "25.0000"
    }
  },
  {
    "model": "core.productgroup",
    "pk": 5,
    "fields": {
      "active": true,
      "created_at": "2019-05-15T23:20:37.889Z",
      "modified_at": "2019-05-15T23:20:37.889Z",
      "description": "Eletrodom\u00e9sticos",
      "commission_percentage": "10.0000",
      "gain_percentage": "25.0000"
    }
  },
  {
    "model": "core.productgroup",
    "pk": 6,
    "fields": {
      "active": true,
      "created_at": "2019-05-15T23:20:37.889Z",
      "modified_at": "2019-05-15T23:20:37.889Z",
      "description": "M\u00f3veis",
      "commission_percentage": "10.0000",
      "gain_percentage": "25.0000"
    }
  },
  {
    "model": "core.productgroup",
    "pk": 7,
    "fields": {
      "active": true,
      "created_at": "2019-05-15T23:20:37.889Z",
      "modified_at": "2019-05-15T23:20:37.889Z",
      "description": "Eletr\u00f4nicos",
      "commission_percentage": "10.0000",
      "gain_percentage": "25.0000"
    }
  },
  {
    "model": "core.product",
    "pk": 1,
    "fields": {
      "active": true,
      "created_at": "2019-05-15T23:20:37.889Z",
      "modified_at": "2019-05-15T23:20:37.889Z",
      "name": "Manteiga",
      "cost_price": "2.2500",
      "sale_price": "180.0000",
      "product_group": 1,
      "supplier": 1
    }
  },
  {
    "model": "core.product",
    "pk": 2,
    "fields": {
      "active": true,
      "created_at": "2019-05-15T23:20:37.889Z",
      "modified_at": "2019-05-15T23:20:37.889Z",
      "name": "Macarr\u00e3o",
      "cost_price": "2.0000",
      "sale_price": "150.0000",
      "product_group": 1,
      "supplier": 1
    }
  },
  {
    "model": "core.product",
    "pk": 3,
    "fields": {
      "active": true,
      "created_at": "2019-05-15T23:20:37.889Z",
      "modified_at": "2019-05-15T23:20:37.889Z",
      "name": "Conserva",
      "cost_price": "1.0000",
      "sale_price": "138.0000",
      "product_group": 1,
      "supplier": 1
    }
  },
  {
    "model": "core.product",
    "pk": 4,
    "fields": {
      "active": true,
      "created_at": "2019-05-15T23:20:37.889Z",
      "modified_at": "2019-05-15T23:20:37.889Z",
      "name": "Ervilha",
      "cost_price": "3.2500",
      "sale_price": "240.0000",
      "product_group": 1,
      "supplier": 1
    }
  },
  {
    "model": "core.product",
    "pk": 5,
    "fields": {
      "active": true,
      "created_at": "2019-05-15T23:20:37.889Z",
      "modified_at": "2019-05-15T23:20:37.889Z",
      "name": "Maionese",
      "cost_price": "3.2500",
      "sale_price": "210.0000",
      "product_group": 1,
      "supplier": 1
    }
  },
  {
    "model": "core.product",
    "pk": 6,
    "fields": {
      "active": true,
      "created_at": "2019-05-15T23:20:37.889Z",
      "modified_at": "2019-05-15T23:20:37.889Z",
      "name": "arroz",
      "cost_price": "1.0000",
      "sale_price": "72.0000",
      "product_group": 1,
      "supplier": 1
    }
  },
  {
    "model": "core.product",
    "pk": 7,
    "fields": {
      "active": true,
      "created_at": "2019-05-15T23:20:37.889Z",
      "modified_at": "2019-05-15T23:20:37.889Z",
      "name": "feijao",
      "cost_price": "1.8000",
      "sale_price": "138.0000",
      "product_group": 1,
      "supplier": 1
    }
  },
  {
    "model": "core.product",
    "pk": 8,
    "fields": {
      "active": true,
      "created_at": "2019-05-15T23:20:37.889Z",
      "modified_at": "2019-05-15T23:20:37.889Z",
      "name": "farinha",
      "cost_price": "1.5000",
      "sale_price": "120.0000",
      "product_group": 1,
      "supplier": 1
    }
  },
  {
    "model": "core.product",
    "pk": 9,
    "fields": {
      "active": true,
      "created_at": "2019-05-15T23:20:37.889Z",
      "modified_at": "2019-05-15T23:20:37.889Z",
      "name": "sardinha",
      "cost_price": "1.2500",
      "sale_price": "108.0000",
      "product_group": 1,
      "supplier": 1
    }
  },
  {
    "model": "core.product",
    "pk": 10,
    "fields": {
      "active": true,
      "created_at": "2019-05-15T23:20:37.889Z",
      "modified_at": "2019-05-15T23:20:37.889Z",
      "name": "ovo",
      "cost_price": "0.1000",
      "sale_price": "30.0000",
      "product_group": 1,
      "supplier": 1
    }
  },
  {
    "model": "core.product",
    "pk": 11,
    "fields": {
      "active": true,
      "created_at": "2019-05-15T23:20:37.889Z",
      "modified_at": "2019-05-15T23:20:37.889Z",
      "name": "pitchula",
      "cost_price": "5.0000",
      "sale_price": "360.0000",
      "product_group": 2,
      "supplier": 2
    }
  },
  {
    "model": "core.product",
    "pk": 12,
    "fields": {
      "active": true,
      "created_at": "2019-05-15T23:20:37.889Z",
      "modified_at": "2019-05-15T23:20:37.889Z",
      "name": "cachaca 51",
      "cost_price": "2.0000",
      "sale_price": "240.0000",
      "product_group": 2,
      "supplier": 2
    }
  },
  {
    "model": "core.product",
    "pk": 13,
    "fields": {
      "active": true,
      "created_at": "2019-05-15T23:20:37.889Z",
      "modified_at": "2019-05-15T23:20:37.889Z",
      "name": "cachaca 61",
      "cost_price": "3.0000",
      "sale_price": "480.0000",
      "product_group": 2,
      "supplier": 2
    }
  },
  {
    "model": "core.product",
    "pk": 14,
    "fields": {
      "active": true,
      "created_at": "2019-05-15T23:20:37.889Z",
      "modified_at": "2019-05-15T23:20:37.889Z",
      "name": "coca cola",
      "cost_price": "2.0000",
      "sale_price": "240.0000",
      "product_group": 2,
      "supplier": 2
    }
  },
  {
    "model": "core.product",
    "pk": 15,
    "fields": {
      "active": true,
      "created_at": "2019-05-15T23:20:37.889Z",
      "modified_at": "2019-05-15T23:20:37.889Z",
      "name": "fanta laranja",
      "cost_price": "2.0000",
      "sale_price": "240.0000",
      "product_group": 2,
      "supplier": 2
    }
  },
  {
    "model": "core.product",
    "pk": 16,
    "fields": {
      "active": true,
      "created_at": "2019-05-15T23:20:37.889Z",
      "modified_at": "2019-05-15T23:20:37.889Z",
      "name": "fanta uva",
      "cost_price": "2.0000",
      "sale_price": "240.0000",
      "product_group": 2,
      "supplier": 2
    }
  },
  {
    "model": "core.product",
    "pk": 17,
    "fields": {
      "active": true,
      "created_at": "2019-05-15T23:20:37.889Z",
      "modified_at": "2019-05-15T23:20:37.889Z",
      "name": "bare",
      "cost_price": "1.0000",
      "sale_price": "120.0000",
      "product_group": 2,
      "supplier": 2
    }
  },
  {
    "model": "core.product",
    "pk": 18,
    "fields": {
      "active": true,
      "created_at": "2019-05-15T23:20:37.889Z",
      "modified_at": "2019-05-15T23:20:37.889Z",
      "name": "regente",
      "cost_price": "1.0000",
      "sale_price": "120.0000",
      "product_group": 2,
      "supplier": 2
    }
  },
  {
    "model": "core.product",
    "pk": 19,
    "fields": {
      "active": true,
      "created_at": "2019-05-15T23:20:37.889Z",
      "modified_at": "2019-05-15T23:20:37.889Z",
      "name": "whisky red label",
      "cost_price": "20.0000",
      "sale_price": "2400.0000",
      "product_group": 2,
      "supplier": 2
    }
  },
  {
    "model": "core.product",
    "pk": 20,
    "fields": {
      "active": true,
      "created_at": "2019-05-15T23:20:37.889Z",
      "modified_at": "2019-05-15T23:20:37.889Z",
      "name": "whisky black label",
      "cost_price": "40.0000",
      "sale_price": "4800.0000",
      "product_group": 2,
      "supplier": 2
    }
  },
  {
    "model": "core.product",
    "pk": 21,
    "fields": {
      "active": true,
      "created_at": "2019-05-15T23:20:37.889Z",
      "modified_at": "2019-05-15T23:20:37.889Z",
      "name": "Sab\u00e3o",
      "cost_price": "30.0000",
      "sale_price": "3000.0000",
      "product_group": 3,
      "supplier": 3
    }
  },
  {
    "model": "core.product",
    "pk": 22,
    "fields": {
      "active": true,
      "created_at": "2019-05-15T23:20:37.889Z",
      "modified_at": "2019-05-15T23:20:37.889Z",
      "name": "VASSOURA",
      "cost_price": "10.0000",
      "sale_price": "900.0000",
      "product_group": 3,
      "supplier": 3
    }
  },
  {
    "model": "core.product",
    "pk": 23,
    "fields": {
      "active": true,
      "created_at": "2019-05-15T23:20:37.889Z",
      "modified_at": "2019-05-15T23:20:37.889Z",
      "name": "AGUA SANITARIA",
      "cost_price": "6.0000",
      "sale_price": "420.0000",
      "product_group": 3,
      "supplier": 3
    }
  },
  {
    "model": "core.product",
    "pk": 24,
    "fields": {
      "active": true,
      "created_at": "2019-05-15T23:20:37.889Z",
      "modified_at": "2019-05-15T23:20:37.889Z",
      "name": "CERA",
      "cost_price": "30.0000",
      "sale_price": "3000.0000",
      "product_group": 3,
      "supplier": 3
    }
  },
  {
    "model": "core.product",
    "pk": 25,
    "fields": {
      "active": true,
      "created_at": "2019-05-15T23:20:37.889Z",
      "modified_at": "2019-05-15T23:20:37.889Z",
      "name": "PAPEL HIGIENICO",
      "cost_price": "5.0000",
      "sale_price": "360.0000",
      "product_group": 3,
      "supplier": 3
    }
  },
  {
    "model": "core.product",
    "pk": 26,
    "fields": {
      "active": true,
      "created_at": "2019-05-15T23:20:37.889Z",
      "modified_at": "2019-05-15T23:20:37.889Z",
      "name": "PAPEL TOALHA",
      "cost_price": "15.0000",
      "sale_price": "1200.0000",
      "product_group": 3,
      "supplier": 3
    }
  },
  {
    "model": "core.product",
    "pk": 27,
    "fields": {
      "active": true,
      "created_at": "2019-05-15T23:20:37.889Z",
      "modified_at": "2019-05-15T23:20:37.889Z",
      "name": "PANO DE CH\u00acO ",
      "cost_price": "4.0000",
      "sale_price": "300.0000",
      "product_group": 3,
      "supplier": 3
    }
  },
  {
    "model": "core.product",
    "pk": 28,
    "fields": {
      "active": true,
      "created_at": "2019-05-15T23:20:37.889Z",
      "modified_at": "2019-05-15T23:20:37.889Z",
      "name": "ESPANADOR",
      "cost_price": "10.0000",
      "sale_price": "1200.0000",
      "product_group": 3,
      "supplier": 3
    }
  },
  {
    "model": "core.product",
    "pk": 29,
    "fields": {
      "active": true,
      "created_at": "2019-05-15T23:20:37.889Z",
      "modified_at": "2019-05-15T23:20:37.889Z",
      "name": "FLANELA",
      "cost_price": "1.0000",
      "sale_price": "120.0000",
      "product_group": 3,
      "supplier": 3
    }
  },
  {
    "model": "core.product",
    "pk": 30,
    "fields": {
      "active": true,
      "created_at": "2019-05-15T23:20:37.889Z",
      "modified_at": "2019-05-15T23:20:37.889Z",
      "name": "DETERGENTE",
      "cost_price": "6.0000",
      "sale_price": "600.0000",
      "product_group": 3,
      "supplier": 3
    }
  },
  {
    "model": "core.product",
    "pk": 31,
    "fields": {
      "active": true,
      "created_at": "2019-05-15T23:20:37.889Z",
      "modified_at": "2019-05-15T23:20:37.889Z",
      "name": "DVD",
      "cost_price": "90.0000",
      "sale_price": "7200.0000",
      "product_group": 4,
      "supplier": 4
    }
  },
  {
    "model": "core.product",
    "pk": 32,
    "fields": {
      "active": true,
      "created_at": "2019-05-15T23:20:37.889Z",
      "modified_at": "2019-05-15T23:20:37.889Z",
      "name": "geladeira",
      "cost_price": "400.0000",
      "sale_price": "25200.0000",
      "product_group": 4,
      "supplier": 4
    }
  },
  {
    "model": "core.product",
    "pk": 33,
    "fields": {
      "active": true,
      "created_at": "2019-05-15T23:20:37.889Z",
      "modified_at": "2019-05-15T23:20:37.889Z",
      "name": "fogao",
      "cost_price": "150.0000",
      "sale_price": "11400.0000",
      "product_group": 4,
      "supplier": 4
    }
  },
  {
    "model": "core.product",
    "pk": 34,
    "fields": {
      "active": true,
      "created_at": "2019-05-15T23:20:37.889Z",
      "modified_at": "2019-05-15T23:20:37.889Z",
      "name": "maquina de lavar",
      "cost_price": "560.0000",
      "sale_price": "36000.0000",
      "product_group": 4,
      "supplier": 4
    }
  },
  {
    "model": "core.product",
    "pk": 35,
    "fields": {
      "active": true,
      "created_at": "2019-05-15T23:20:37.889Z",
      "modified_at": "2019-05-15T23:20:37.889Z",
      "name": "R\u00e1dio",
      "cost_price": "650.0000",
      "sale_price": "42000.0000",
      "product_group": 4,
      "supplier": 4
    }
  },
  {
    "model": "core.product",
    "pk": 36,
    "fields": {
      "active": true,
      "created_at": "2019-05-15T23:20:37.889Z",
      "modified_at": "2019-05-15T23:20:37.889Z",
      "name": "Liquidificador",
      "cost_price": "700.0000",
      "sale_price": "45000.0000",
      "product_group": 4,
      "supplier": 4
    }
  },
  {
    "model": "core.product",
    "pk": 37,
    "fields": {
      "active": true,
      "created_at": "2019-05-15T23:20:37.889Z",
      "modified_at": "2019-05-15T23:20:37.889Z",
      "name": "cafeteira",
      "cost_price": "90.0000",
      "sale_price": "7200.0000",
      "product_group": 4,
      "supplier": 4
    }
  },
  {
    "model": "core.product",
    "pk": 38,
    "fields": {
      "active": true,
      "created_at": "2019-05-15T23:20:37.889Z",
      "modified_at": "2019-05-15T23:20:37.889Z",
      "name": "batedeira",
      "cost_price": "90.0000",
      "sale_price": "7200.0000",
      "product_group": 4,
      "supplier": 4
    }
  },
  {
    "model": "core.product",
    "pk": 39,
    "fields": {
      "active": true,
      "created_at": "2019-05-15T23:20:37.889Z",
      "modified_at": "2019-05-15T23:20:37.889Z",
      "name": "fritadeira",
      "cost_price": "90.0000",
      "sale_price": "7200.0000",
      "product_group": 4,
      "supplier": 4
    }
  },
  {
    "model": "core.product",
    "pk": 40,
    "fields": {
      "active": true,
      "created_at": "2019-05-15T23:20:37.889Z",
      "modified_at": "2019-05-15T23:20:37.889Z",
      "name": "microondas",
      "cost_price": "90.0000",
      "sale_price": "7200.0000",
      "product_group": 4,
      "supplier": 4
    }
  },
  {
    "model": "core.product",
    "pk": 41,
    "fields": {
      "active": true,
      "created_at": "2019-05-15T23:20:37.889Z",
      "modified_at": "2019-05-15T23:20:37.889Z",
      "name": "Telha de barro",
      "cost_price": "150.5000",
      "sale_price": "11400.0000",
      "product_group": 5,
      "supplier": 5
    }
  },
  {
    "model": "core.product",
    "pk": 42,
    "fields": {
      "active": true,
      "created_at": "2019-05-15T23:20:37.889Z",
      "modified_at": "2019-05-15T23:20:37.889Z",
      "name": "Tijolo",
      "cost_price": "250.0000",
      "sale_price": "18000.0000",
      "product_group": 5,
      "supplier": 5
    }
  },
  {
    "model": "core.product",
    "pk": 43,
    "fields": {
      "active": true,
      "created_at": "2019-05-15T23:20:37.889Z",
      "modified_at": "2019-05-15T23:20:37.889Z",
      "name": "Argamassa",
      "cost_price": "11.5000",
      "sale_price": "858.0000",
      "product_group": 5,
      "supplier": 5
    }
  },
  {
    "model": "core.product",
    "pk": 44,
    "fields": {
      "active": true,
      "created_at": "2019-05-15T23:20:37.889Z",
      "modified_at": "2019-05-15T23:20:37.889Z",
      "name": "Barro",
      "cost_price": "130.0000",
      "sale_price": "9000.0000",
      "product_group": 5,
      "supplier": 5
    }
  },
  {
    "model": "core.product",
    "pk": 45,
    "fields": {
      "active": true,
      "created_at": "2019-05-15T23:20:37.889Z",
      "modified_at": "2019-05-15T23:20:37.889Z",
      "name": "Cimento",
      "cost_price": "24.4000",
      "sale_price": "1650.0000",
      "product_group": 5,
      "supplier": 5
    }
  },
  {
    "model": "core.product",
    "pk": 46,
    "fields": {
      "active": true,
      "created_at": "2019-05-15T23:20:37.889Z",
      "modified_at": "2019-05-15T23:20:37.889Z",
      "name": "Areia",
      "cost_price": "230.0000",
      "sale_price": "15000.0000",
      "product_group": 5,
      "supplier": 5
    }
  },
  {
    "model": "core.product",
    "pk": 47,
    "fields": {
      "active": true,
      "created_at": "2019-05-15T23:20:37.889Z",
      "modified_at": "2019-05-15T23:20:37.889Z",
      "name": "Chuveiro",
      "cost_price": "8.9000",
      "sale_price": "630.0000",
      "product_group": 5,
      "supplier": 5
    }
  },
  {
    "model": "core.product",
    "pk": 48,
    "fields": {
      "active": true,
      "created_at": "2019-05-15T23:20:37.889Z",
      "modified_at": "2019-05-15T23:20:37.889Z",
      "name": "Telha Brasilit",
      "cost_price": "12.1000",
      "sale_price": "924.0000",
      "product_group": 5,
      "supplier": 5
    }
  },
  {
    "model": "core.product",
    "pk": 49,
    "fields": {
      "active": true,
      "created_at": "2019-05-15T23:20:37.889Z",
      "modified_at": "2019-05-15T23:20:37.889Z",
      "name": "Tinta Suvinil",
      "cost_price": "22.3000",
      "sale_price": "1470.0000",
      "product_group": 5,
      "supplier": 5
    }
  },
  {
    "model": "core.product",
    "pk": 50,
    "fields": {
      "active": true,
      "created_at": "2019-05-15T23:20:37.889Z",
      "modified_at": "2019-05-15T23:20:37.889Z",
      "name": "Azuleijo",
      "cost_price": "8.2000",
      "sale_price": "576.0000",
      "product_group": 5,
      "supplier": 5
    }
  },
  {
    "model": "core.product",
    "pk": 51,
    "fields": {
      "active": true,
      "created_at": "2019-05-15T23:20:37.889Z",
      "modified_at": "2019-05-15T23:20:37.889Z",
      "name": "Cama_Box",
      "cost_price": "305.0000",
      "sale_price": "28800.0000",
      "product_group": 6,
      "supplier": 6
    }
  },
  {
    "model": "core.product",
    "pk": 52,
    "fields": {
      "active": true,
      "created_at": "2019-05-15T23:20:37.889Z",
      "modified_at": "2019-05-15T23:20:37.889Z",
      "name": "Roupeiro 3 portas",
      "cost_price": "159.0000",
      "sale_price": "13500.0000",
      "product_group": 6,
      "supplier": 6
    }
  },
  {
    "model": "core.product",
    "pk": 53,
    "fields": {
      "active": true,
      "created_at": "2019-05-15T23:20:37.889Z",
      "modified_at": "2019-05-15T23:20:37.889Z",
      "name": "Mesa 4 cadeiras",
      "cost_price": "300.0000",
      "sale_price": "36000.0000",
      "product_group": 6,
      "supplier": 6
    }
  },
  {
    "model": "core.product",
    "pk": 54,
    "fields": {
      "active": true,
      "created_at": "2019-05-15T23:20:37.889Z",
      "modified_at": "2019-05-15T23:20:37.889Z",
      "name": "Mesa marmore 6 cadeiras",
      "cost_price": "500.0000",
      "sale_price": "36000.0000",
      "product_group": 6,
      "supplier": 6
    }
  },
  {
    "model": "core.product",
    "pk": 55,
    "fields": {
      "active": true,
      "created_at": "2019-05-15T23:20:37.889Z",
      "modified_at": "2019-05-15T23:20:37.889Z",
      "name": "Armario cozinha",
      "cost_price": "990.0000",
      "sale_price": "9000.0000",
      "product_group": 6,
      "supplier": 6
    }
  },
  {
    "model": "core.product",
    "pk": 56,
    "fields": {
      "active": true,
      "created_at": "2019-05-15T23:20:37.889Z",
      "modified_at": "2019-05-15T23:20:37.889Z",
      "name": "Cadeira papai",
      "cost_price": "59.0000",
      "sale_price": "7200.0000",
      "product_group": 6,
      "supplier": 6
    }
  },
  {
    "model": "core.product",
    "pk": 57,
    "fields": {
      "active": true,
      "created_at": "2019-05-15T23:20:37.889Z",
      "modified_at": "2019-05-15T23:20:37.889Z",
      "name": "Poltrona simples",
      "cost_price": "100.0000",
      "sale_price": "11940.0000",
      "product_group": 6,
      "supplier": 6
    }
  },
  {
    "model": "core.product",
    "pk": 58,
    "fields": {
      "active": true,
      "created_at": "2019-05-15T23:20:37.889Z",
      "modified_at": "2019-05-15T23:20:37.889Z",
      "name": "Sof\u00b7",
      "cost_price": "300.0000",
      "sale_price": "42000.0000",
      "product_group": 6,
      "supplier": 6
    }
  },
  {
    "model": "core.product",
    "pk": 59,
    "fields": {
      "active": true,
      "created_at": "2019-05-15T23:20:37.889Z",
      "modified_at": "2019-05-15T23:20:37.889Z",
      "name": "Penteadeira 4 gavetas",
      "cost_price": "140.0000",
      "sale_price": "12000.0000",
      "product_group": 6,
      "supplier": 6
    }
  },
  {
    "model": "core.product",
    "pk": 60,
    "fields": {
      "active": true,
      "created_at": "2019-05-15T23:20:37.889Z",
      "modified_at": "2019-05-15T23:20:37.889Z",
      "name": "Sof\u00e1 3 Lugares",
      "cost_price": "300.0000",
      "sale_price": "36000.0000",
      "product_group": 6,
      "supplier": 6
    }
  },
  {
    "model": "core.product",
    "pk": 61,
    "fields": {
      "active": true,
      "created_at": "2019-05-15T23:20:37.889Z",
      "modified_at": "2019-05-15T23:20:37.889Z",
      "name": "Celular",
      "cost_price": "490.0000",
      "sale_price": "36000.0000",
      "product_group": 7,
      "supplier": 7
    }
  },
  {
    "model": "core.product",
    "pk": 62,
    "fields": {
      "active": true,
      "created_at": "2019-05-15T23:20:37.889Z",
      "modified_at": "2019-05-15T23:20:37.889Z",
      "name": "TV Plasma",
      "cost_price": "2.0000",
      "sale_price": "150000.0000",
      "product_group": 7,
      "supplier": 7
    }
  },
  {
    "model": "core.product",
    "pk": 63,
    "fields": {
      "active": true,
      "created_at": "2019-05-15T23:20:37.889Z",
      "modified_at": "2019-05-15T23:20:37.889Z",
      "name": "Roteador",
      "cost_price": "100.0000",
      "sale_price": "7500.0000",
      "product_group": 7,
      "supplier": 7
    }
  },
  {
    "model": "core.product",
    "pk": 64,
    "fields": {
      "active": true,
      "created_at": "2019-05-15T23:20:37.889Z",
      "modified_at": "2019-05-15T23:20:37.889Z",
      "name": "GPS",
      "cost_price": "1.0000",
      "sale_price": "90000.0000",
      "product_group": 7,
      "supplier": 7
    }
  },
  {
    "model": "core.product",
    "pk": 65,
    "fields": {
      "active": true,
      "created_at": "2019-05-15T23:20:37.889Z",
      "modified_at": "2019-05-15T23:20:37.889Z",
      "name": "TV LCD",
      "cost_price": "3.0000",
      "sale_price": "210000.0000",
      "product_group": 7,
      "supplier": 7
    }
  },
  {
    "model": "core.product",
    "pk": 66,
    "fields": {
      "active": true,
      "created_at": "2019-05-15T23:20:37.889Z",
      "modified_at": "2019-05-15T23:20:37.889Z",
      "name": "PC",
      "cost_price": "4.0000",
      "sale_price": "270000.0000",
      "product_group": 7,
      "supplier": 7
    }
  },
  {
    "model": "core.product",
    "pk": 67,
    "fields": {
      "active": true,
      "created_at": "2019-05-15T23:20:37.889Z",
      "modified_at": "2019-05-15T23:20:37.889Z",
      "name": "DVD",
      "cost_price": "270.0000",
      "sale_price": "18000.0000",
      "product_group": 7,
      "supplier": 7
    }
  },
  {
    "model": "core.product",
    "pk": 68,
    "fields": {
      "active": true,
      "created_at": "2019-05-15T23:20:37.889Z",
      "modified_at": "2019-05-15T23:20:37.889Z",
      "name": "Memoria Ram",
      "cost_price": "240.0000",
      "sale_price": "18000.0000",
      "product_group": 7,
      "supplier": 7
    }
  },
  {
    "model": "core.product",
    "pk": 69,
    "fields": {
      "active": true,
      "created_at": "2019-05-15T23:20:37.889Z",
      "modified_at": "2019-05-15T23:20:37.889Z",
      "name": "Camera Fotografica",
      "cost_price": "400.0000",
      "sale_price": "270000.0000",
      "product_group": 7,
      "supplier": 7
    }
  },
  {
    "model": "core.product",
    "pk": 70,
    "fields": {
      "active": true,
      "created_at": "2019-05-15T23:20:37.889Z",
      "modified_at": "2019-05-15T23:20:37.889Z",
      "name": "Placa de Video",
      "cost_price": "200.0000",
      "sale_price": "20040.0000",
      "product_group": 7,
      "supplier": 7
    }
  },
  {
    "model": "core.sale",
    "pk": 1,
    "fields": {
      "active": true,
      "created_at": "2019-05-15T23:20:37.889Z",
      "modified_at": "2019-05-15T23:20:37.889Z",
      "date": "2011-01-05T04:00:00Z",
      "employee": 1,
      "branch_office": 1,
      "customer": 1
    }
  },
  {
    "model": "core.sale",
    "pk": 2,
    "fields": {
      "active": true,
      "created_at": "2019-05-15T23:20:37.889Z",
      "modified_at": "2019-05-15T23:20:37.889Z",
      "date": "2011-03-20T04:00:00Z",
      "employee": 1,
      "branch_office": 1,
      "customer": 2
    }
  },
  {
    "model": "core.sale",
    "pk": 3,
    "fields": {
      "active": true,
      "created_at": "2019-05-15T23:20:37.889Z",
      "modified_at": "2019-05-15T23:20:37.889Z",
      "date": "2011-10-28T04:00:00Z",
      "employee": 1,
      "branch_office": 1,
      "customer": 3
    }
  },
  {
    "model": "core.sale",
    "pk": 4,
    "fields": {
      "active": true,
      "created_at": "2019-05-15T23:20:37.889Z",
      "modified_at": "2019-05-15T23:20:37.889Z",
      "date": "2011-11-17T04:00:00Z",
      "employee": 1,
      "branch_office": 1,
      "customer": 8
    }
  },
  {
    "model": "core.sale",
    "pk": 5,
    "fields": {
      "active": true,
      "created_at": "2019-05-15T23:20:37.889Z",
      "modified_at": "2019-05-15T23:20:37.889Z",
      "date": "2011-12-01T04:00:00Z",
      "employee": 1,
      "branch_office": 1,
      "customer": 10
    }
  },
  {
    "model": "core.sale",
    "pk": 6,
    "fields": {
      "active": true,
      "created_at": "2019-05-15T23:20:37.889Z",
      "modified_at": "2019-05-15T23:20:37.889Z",
      "date": "2011-08-07T04:00:00Z",
      "employee": 2,
      "branch_office": 2,
      "customer": 11
    }
  },
  {
    "model": "core.sale",
    "pk": 7,
    "fields": {
      "active": true,
      "created_at": "2019-05-15T23:20:37.889Z",
      "modified_at": "2019-05-15T23:20:37.889Z",
      "date": "2011-09-10T04:00:00Z",
      "employee": 2,
      "branch_office": 2,
      "customer": 12
    }
  },
  {
    "model": "core.sale",
    "pk": 8,
    "fields": {
      "active": true,
      "created_at": "2019-05-15T23:20:37.889Z",
      "modified_at": "2019-05-15T23:20:37.889Z",
      "date": "2011-02-11T04:00:00Z",
      "employee": 2,
      "branch_office": 2,
      "customer": 13
    }
  },
  {
    "model": "core.sale",
    "pk": 9,
    "fields": {
      "active": true,
      "created_at": "2019-05-15T23:20:37.889Z",
      "modified_at": "2019-05-15T23:20:37.889Z",
      "date": "2011-05-07T04:00:00Z",
      "employee": 2,
      "branch_office": 2,
      "customer": 14
    }
  },
  {
    "model": "core.sale",
    "pk": 10,
    "fields": {
      "active": true,
      "created_at": "2019-05-15T23:20:37.889Z",
      "modified_at": "2019-05-15T23:20:37.889Z",
      "date": "2011-04-09T04:00:00Z",
      "employee": 2,
      "branch_office": 2,
      "customer": 15
    }
  },
  {
    "model": "core.sale",
    "pk": 11,
    "fields": {
      "active": true,
      "created_at": "2019-05-15T23:20:37.889Z",
      "modified_at": "2019-05-15T23:20:37.889Z",
      "date": "2011-02-05T04:00:00Z",
      "employee": 3,
      "branch_office": 3,
      "customer": 21
    }
  },
  {
    "model": "core.sale",
    "pk": 12,
    "fields": {
      "active": true,
      "created_at": "2019-05-15T23:20:37.889Z",
      "modified_at": "2019-05-15T23:20:37.889Z",
      "date": "2011-04-06T04:00:00Z",
      "employee": 3,
      "branch_office": 3,
      "customer": 22
    }
  },
  {
    "model": "core.sale",
    "pk": 13,
    "fields": {
      "active": true,
      "created_at": "2019-05-15T23:20:37.889Z",
      "modified_at": "2019-05-15T23:20:37.889Z",
      "date": "2011-02-05T04:00:00Z",
      "employee": 3,
      "branch_office": 3,
      "customer": 23
    }
  },
  {
    "model": "core.sale",
    "pk": 14,
    "fields": {
      "active": true,
      "created_at": "2019-05-15T23:20:37.889Z",
      "modified_at": "2019-05-15T23:20:37.889Z",
      "date": "2011-04-08T04:00:00Z",
      "employee": 3,
      "branch_office": 3,
      "customer": 21
    }
  },
  {
    "model": "core.sale",
    "pk": 15,
    "fields": {
      "active": true,
      "created_at": "2019-05-15T23:20:37.889Z",
      "modified_at": "2019-05-15T23:20:37.889Z",
      "date": "2011-02-11T04:00:00Z",
      "employee": 3,
      "branch_office": 3,
      "customer": 21
    }
  },
  {
    "model": "core.sale",
    "pk": 16,
    "fields": {
      "active": true,
      "created_at": "2019-05-15T23:20:37.889Z",
      "modified_at": "2019-05-15T23:20:37.889Z",
      "date": "2011-01-01T04:00:00Z",
      "employee": 4,
      "branch_office": 4,
      "customer": 31
    }
  },
  {
    "model": "core.sale",
    "pk": 17,
    "fields": {
      "active": true,
      "created_at": "2019-05-15T23:20:37.889Z",
      "modified_at": "2019-05-15T23:20:37.889Z",
      "date": "2011-02-01T04:00:00Z",
      "employee": 4,
      "branch_office": 4,
      "customer": 32
    }
  },
  {
    "model": "core.sale",
    "pk": 18,
    "fields": {
      "active": true,
      "created_at": "2019-05-15T23:20:37.889Z",
      "modified_at": "2019-05-15T23:20:37.889Z",
      "date": "2011-03-01T04:00:00Z",
      "employee": 4,
      "branch_office": 4,
      "customer": 33
    }
  },
  {
    "model": "core.sale",
    "pk": 19,
    "fields": {
      "active": true,
      "created_at": "2019-05-15T23:20:37.889Z",
      "modified_at": "2019-05-15T23:20:37.889Z",
      "date": "2011-04-01T04:00:00Z",
      "employee": 4,
      "branch_office": 4,
      "customer": 34
    }
  },
  {
    "model": "core.sale",
    "pk": 20,
    "fields": {
      "active": true,
      "created_at": "2019-05-15T23:20:37.889Z",
      "modified_at": "2019-05-15T23:20:37.889Z",
      "date": "2011-10-01T04:00:00Z",
      "employee": 4,
      "branch_office": 4,
      "customer": 35
    }
  },
  {
    "model": "core.sale",
    "pk": 21,
    "fields": {
      "active": true,
      "created_at": "2019-05-15T23:20:37.889Z",
      "modified_at": "2019-05-15T23:20:37.889Z",
      "date": "2011-05-10T04:00:00Z",
      "employee": 5,
      "branch_office": 5,
      "customer": 41
    }
  },
  {
    "model": "core.sale",
    "pk": 22,
    "fields": {
      "active": true,
      "created_at": "2019-05-15T23:20:37.889Z",
      "modified_at": "2019-05-15T23:20:37.889Z",
      "date": "2011-06-11T04:00:00Z",
      "employee": 5,
      "branch_office": 5,
      "customer": 42
    }
  },
  {
    "model": "core.sale",
    "pk": 23,
    "fields": {
      "active": true,
      "created_at": "2019-05-15T23:20:37.889Z",
      "modified_at": "2019-05-15T23:20:37.889Z",
      "date": "2011-07-12T04:00:00Z",
      "employee": 5,
      "branch_office": 5,
      "customer": 43
    }
  },
  {
    "model": "core.sale",
    "pk": 24,
    "fields": {
      "active": true,
      "created_at": "2019-05-15T23:20:37.889Z",
      "modified_at": "2019-05-15T23:20:37.889Z",
      "date": "2011-08-13T04:00:00Z",
      "employee": 5,
      "branch_office": 5,
      "customer": 44
    }
  },
  {
    "model": "core.sale",
    "pk": 25,
    "fields": {
      "active": true,
      "created_at": "2019-05-15T23:20:37.889Z",
      "modified_at": "2019-05-15T23:20:37.889Z",
      "date": "2011-09-14T04:00:00Z",
      "employee": 5,
      "branch_office": 5,
      "customer": 45
    }
  },
  {
    "model": "core.sale",
    "pk": 26,
    "fields": {
      "active": true,
      "created_at": "2019-05-15T23:20:37.889Z",
      "modified_at": "2019-05-15T23:20:37.889Z",
      "date": "2011-11-23T04:00:00Z",
      "employee": 6,
      "branch_office": 6,
      "customer": 60
    }
  },
  {
    "model": "core.sale",
    "pk": 27,
    "fields": {
      "active": true,
      "created_at": "2019-05-15T23:20:37.889Z",
      "modified_at": "2019-05-15T23:20:37.889Z",
      "date": "2010-06-10T04:00:00Z",
      "employee": 6,
      "branch_office": 3,
      "customer": 59
    }
  },
  {
    "model": "core.sale",
    "pk": 28,
    "fields": {
      "active": true,
      "created_at": "2019-05-15T23:20:37.889Z",
      "modified_at": "2019-05-15T23:20:37.889Z",
      "date": "2009-04-15T04:00:00Z",
      "employee": 6,
      "branch_office": 4,
      "customer": 58
    }
  },
  {
    "model": "core.sale",
    "pk": 29,
    "fields": {
      "active": true,
      "created_at": "2019-05-15T23:20:37.889Z",
      "modified_at": "2019-05-15T23:20:37.889Z",
      "date": "2008-05-16T04:00:00Z",
      "employee": 6,
      "branch_office": 1,
      "customer": 57
    }
  },
  {
    "model": "core.sale",
    "pk": 30,
    "fields": {
      "active": true,
      "created_at": "2019-05-15T23:20:37.889Z",
      "modified_at": "2019-05-15T23:20:37.889Z",
      "date": "2011-09-19T04:00:00Z",
      "employee": 6,
      "branch_office": 6,
      "customer": 56
    }
  },
  {
    "model": "core.sale",
    "pk": 31,
    "fields": {
      "active": true,
      "created_at": "2019-05-15T23:20:37.889Z",
      "modified_at": "2019-05-15T23:20:37.889Z",
      "date": "2011-05-04T04:00:00Z",
      "employee": 7,
      "branch_office": 7,
      "customer": 61
    }
  },
  {
    "model": "core.sale",
    "pk": 32,
    "fields": {
      "active": true,
      "created_at": "2019-05-15T23:20:37.889Z",
      "modified_at": "2019-05-15T23:20:37.889Z",
      "date": "2011-08-03T04:00:00Z",
      "employee": 7,
      "branch_office": 7,
      "customer": 62
    }
  },
  {
    "model": "core.sale",
    "pk": 33,
    "fields": {
      "active": true,
      "created_at": "2019-05-15T23:20:37.889Z",
      "modified_at": "2019-05-15T23:20:37.889Z",
      "date": "2011-08-05T04:00:00Z",
      "employee": 7,
      "branch_office": 7,
      "customer": 63
    }
  },
  {
    "model": "core.sale",
    "pk": 34,
    "fields": {
      "active": true,
      "created_at": "2019-05-15T23:20:37.889Z",
      "modified_at": "2019-05-15T23:20:37.889Z",
      "date": "2011-08-09T04:00:00Z",
      "employee": 7,
      "branch_office": 7,
      "customer": 64
    }
  },
  {
    "model": "core.sale",
    "pk": 35,
    "fields": {
      "active": true,
      "created_at": "2019-05-15T23:20:37.889Z",
      "modified_at": "2019-05-15T23:20:37.889Z",
      "date": "2011-08-10T04:00:00Z",
      "employee": 7,
      "branch_office": 7,
      "customer": 65
    }
  },
  {
    "model": "core.sale",
    "pk": 100,
    "fields": {
      "active": true,
      "created_at": "2019-05-22T00:30:11.486Z",
      "modified_at": "2019-05-22T00:30:11.486Z",
      "date": "2019-05-22T00:29:57Z",
      "employee": 1,
      "branch_office": 2,
      "customer": 1
    }
  },
  {
    "model": "core.sale",
    "pk": 103,
    "fields": {
      "active": true,
      "created_at": "2019-05-22T00:36:39.328Z",
      "modified_at": "2019-05-22T00:36:39.328Z",
      "date": "2019-05-22T00:36:28Z",
      "employee": 1,
      "branch_office": 1,
      "customer": 1
    }
  },
  {
    "model": "core.sale",
    "pk": 104,
    "fields": {
      "active": true,
      "created_at": "2019-05-22T00:44:13.114Z",
      "modified_at": "2019-05-22T00:44:13.114Z",
      "date": "2019-05-22T00:43:56Z",
      "employee": 1,
      "branch_office": 1,
      "customer": 1
    }
  },
  {
    "model": "core.sale",
    "pk": 112,
    "fields": {
      "active": true,
      "created_at": "2019-05-23T01:35:33.444Z",
      "modified_at": "2019-05-23T01:35:33.445Z",
      "date": "2019-05-23T01:33:09Z",
      "employee": 1,
      "branch_office": 1,
      "customer": 1
    }
  },
  {
    "model": "core.sale",
    "pk": 113,
    "fields": {
      "active": true,
      "created_at": "2019-05-23T01:36:34.144Z",
      "modified_at": "2019-05-23T01:36:34.145Z",
      "date": "2019-05-23T01:36:19Z",
      "employee": 1,
      "branch_office": 1,
      "customer": 1
    }
  },
  {
    "model": "core.sale",
    "pk": 121,
    "fields": {
      "active": true,
      "created_at": "2019-05-23T02:00:26.455Z",
      "modified_at": "2019-05-23T02:00:26.455Z",
      "date": "2019-05-23T02:00:17Z",
      "employee": 1,
      "branch_office": 1,
      "customer": 1
    }
  },
  {
    "model": "core.sale",
    "pk": 122,
    "fields": {
      "active": true,
      "created_at": "2019-05-23T23:04:33.676Z",
      "modified_at": "2019-05-23T23:04:33.676Z",
      "date": "2019-05-23T23:04:22Z",
      "employee": 1,
      "branch_office": 1,
      "customer": 1
    }
  },
  {
    "model": "core.sale",
    "pk": 123,
    "fields": {
      "active": true,
      "created_at": "2019-05-23T23:05:38.569Z",
      "modified_at": "2019-05-23T23:05:38.569Z",
      "date": "2019-05-23T23:05:28Z",
      "employee": 1,
      "branch_office": 4,
      "customer": 2
    }
  },
  {
    "model": "core.sale",
    "pk": 124,
    "fields": {
      "active": true,
      "created_at": "2019-05-23T23:09:43.950Z",
      "modified_at": "2019-05-23T23:09:43.950Z",
      "date": "2019-05-23T23:09:35Z",
      "employee": 1,
      "branch_office": 1,
      "customer": 3
    }
  },
  {
    "model": "core.sale",
    "pk": 125,
    "fields": {
      "active": true,
      "created_at": "2019-05-23T23:14:50.123Z",
      "modified_at": "2019-05-23T23:14:50.123Z",
      "date": "2019-05-23T23:14:40Z",
      "employee": 1,
      "branch_office": 3,
      "customer": 4
    }
  },
  {
    "model": "core.sale",
    "pk": 126,
    "fields": {
      "active": true,
      "created_at": "2019-05-23T23:15:56.322Z",
      "modified_at": "2019-05-23T23:15:56.322Z",
      "date": "2019-05-23T23:15:48Z",
      "employee": 1,
      "branch_office": 2,
      "customer": 2
    }
  },
  {
    "model": "core.sale",
    "pk": 127,
    "fields": {
      "active": true,
      "created_at": "2019-05-23T23:16:27.214Z",
      "modified_at": "2019-05-23T23:16:27.214Z",
      "date": "2019-05-23T23:16:17Z",
      "employee": 5,
      "branch_office": 4,
      "customer": 3
    }
  },
  {
    "model": "core.sale",
    "pk": 128,
    "fields": {
      "active": true,
      "created_at": "2019-05-23T23:20:22.751Z",
      "modified_at": "2019-05-23T23:20:22.751Z",
      "date": "2019-05-23T23:20:13Z",
      "employee": 5,
      "branch_office": 4,
      "customer": 3
    }
  },
  {
    "model": "core.sale",
    "pk": 129,
    "fields": {
      "active": true,
      "created_at": "2019-05-23T23:24:03.506Z",
      "modified_at": "2019-05-23T23:24:03.506Z",
      "date": "2019-05-23T23:23:55Z",
      "employee": 3,
      "branch_office": 4,
      "customer": 3
    }
  },
  {
    "model": "core.sale",
    "pk": 130,
    "fields": {
      "active": true,
      "created_at": "2019-05-23T23:31:47.048Z",
      "modified_at": "2019-05-23T23:31:47.048Z",
      "date": "2019-05-23T23:28:33Z",
      "employee": 3,
      "branch_office": 2,
      "customer": 3
    }
  },
  {
    "model": "core.saleitem",
    "pk": 1,
    "fields": {
      "active": true,
      "created_at": "2019-05-15T23:20:37.889Z",
      "modified_at": "2019-05-21T22:40:48.432Z",
      "sale": 1,
      "product": 1,
      "quantity": "200.000",
      "subtotal": null
    }
  },
  {
    "model": "core.saleitem",
    "pk": 2,
    "fields": {
      "active": true,
      "created_at": "2019-05-15T23:20:37.889Z",
      "modified_at": "2019-05-21T22:40:48.395Z",
      "sale": 2,
      "product": 2,
      "quantity": "500.000",
      "subtotal": null
    }
  },
  {
    "model": "core.saleitem",
    "pk": 3,
    "fields": {
      "active": true,
      "created_at": "2019-05-15T23:20:37.889Z",
      "modified_at": "2019-05-21T22:40:48.396Z",
      "sale": 3,
      "product": 3,
      "quantity": "1.500",
      "subtotal": null
    }
  },
  {
    "model": "core.saleitem",
    "pk": 4,
    "fields": {
      "active": true,
      "created_at": "2019-05-15T23:20:37.889Z",
      "modified_at": "2019-05-21T22:40:48.433Z",
      "sale": 4,
      "product": 3,
      "quantity": "1.200",
      "subtotal": null
    }
  },
  {
    "model": "core.saleitem",
    "pk": 5,
    "fields": {
      "active": true,
      "created_at": "2019-05-15T23:20:37.889Z",
      "modified_at": "2019-05-21T22:40:48.273Z",
      "sale": 5,
      "product": 5,
      "quantity": "300.000",
      "subtotal": null
    }
  },
  {
    "model": "core.saleitem",
    "pk": 6,
    "fields": {
      "active": true,
      "created_at": "2019-05-15T23:20:37.889Z",
      "modified_at": "2019-05-21T22:40:48.281Z",
      "sale": 1,
      "product": 6,
      "quantity": "400.000",
      "subtotal": null
    }
  },
  {
    "model": "core.saleitem",
    "pk": 7,
    "fields": {
      "active": true,
      "created_at": "2019-05-15T23:20:37.889Z",
      "modified_at": "2019-05-21T22:40:48.283Z",
      "sale": 2,
      "product": 7,
      "quantity": "110.000",
      "subtotal": null
    }
  },
  {
    "model": "core.saleitem",
    "pk": 8,
    "fields": {
      "active": true,
      "created_at": "2019-05-15T23:20:37.889Z",
      "modified_at": "2019-05-21T22:40:48.284Z",
      "sale": 3,
      "product": 8,
      "quantity": "1.200",
      "subtotal": null
    }
  },
  {
    "model": "core.saleitem",
    "pk": 9,
    "fields": {
      "active": true,
      "created_at": "2019-05-15T23:20:37.889Z",
      "modified_at": "2019-05-21T22:40:48.286Z",
      "sale": 4,
      "product": 9,
      "quantity": "200.000",
      "subtotal": null
    }
  },
  {
    "model": "core.saleitem",
    "pk": 10,
    "fields": {
      "active": true,
      "created_at": "2019-05-15T23:20:37.889Z",
      "modified_at": "2019-05-21T22:40:48.287Z",
      "sale": 5,
      "product": 10,
      "quantity": "600.000",
      "subtotal": null
    }
  },
  {
    "model": "core.saleitem",
    "pk": 11,
    "fields": {
      "active": true,
      "created_at": "2019-05-15T23:20:37.889Z",
      "modified_at": "2019-05-21T22:40:48.289Z",
      "sale": 1,
      "product": 1,
      "quantity": "800.000",
      "subtotal": null
    }
  },
  {
    "model": "core.saleitem",
    "pk": 12,
    "fields": {
      "active": true,
      "created_at": "2019-05-15T23:20:37.889Z",
      "modified_at": "2019-05-21T22:40:48.290Z",
      "sale": 2,
      "product": 2,
      "quantity": "900.000",
      "subtotal": null
    }
  },
  {
    "model": "core.saleitem",
    "pk": 13,
    "fields": {
      "active": true,
      "created_at": "2019-05-15T23:20:37.889Z",
      "modified_at": "2019-05-21T22:40:48.291Z",
      "sale": 3,
      "product": 3,
      "quantity": "1.200",
      "subtotal": null
    }
  },
  {
    "model": "core.saleitem",
    "pk": 14,
    "fields": {
      "active": true,
      "created_at": "2019-05-15T23:20:37.889Z",
      "modified_at": "2019-05-21T22:40:48.292Z",
      "sale": 4,
      "product": 4,
      "quantity": "2.000",
      "subtotal": null
    }
  },
  {
    "model": "core.saleitem",
    "pk": 15,
    "fields": {
      "active": true,
      "created_at": "2019-05-15T23:20:37.889Z",
      "modified_at": "2019-05-21T22:40:48.294Z",
      "sale": 5,
      "product": 5,
      "quantity": "3.000",
      "subtotal": null
    }
  },
  {
    "model": "core.saleitem",
    "pk": 16,
    "fields": {
      "active": true,
      "created_at": "2019-05-15T23:20:37.889Z",
      "modified_at": "2019-05-21T22:40:48.295Z",
      "sale": 1,
      "product": 6,
      "quantity": "2.000",
      "subtotal": null
    }
  },
  {
    "model": "core.saleitem",
    "pk": 17,
    "fields": {
      "active": true,
      "created_at": "2019-05-15T23:20:37.889Z",
      "modified_at": "2019-05-21T22:40:48.296Z",
      "sale": 2,
      "product": 7,
      "quantity": "1.000",
      "subtotal": null
    }
  },
  {
    "model": "core.saleitem",
    "pk": 18,
    "fields": {
      "active": true,
      "created_at": "2019-05-15T23:20:37.889Z",
      "modified_at": "2019-05-21T22:40:48.297Z",
      "sale": 3,
      "product": 8,
      "quantity": "5.000",
      "subtotal": null
    }
  },
  {
    "model": "core.saleitem",
    "pk": 19,
    "fields": {
      "active": true,
      "created_at": "2019-05-15T23:20:37.889Z",
      "modified_at": "2019-05-21T22:40:48.298Z",
      "sale": 4,
      "product": 9,
      "quantity": "7.000",
      "subtotal": null
    }
  },
  {
    "model": "core.saleitem",
    "pk": 20,
    "fields": {
      "active": true,
      "created_at": "2019-05-15T23:20:37.889Z",
      "modified_at": "2019-05-21T22:40:48.299Z",
      "sale": 5,
      "product": 10,
      "quantity": "2.000",
      "subtotal": null
    }
  },
  {
    "model": "core.saleitem",
    "pk": 21,
    "fields": {
      "active": true,
      "created_at": "2019-05-15T23:20:37.889Z",
      "modified_at": "2019-05-21T22:40:48.434Z",
      "sale": 1,
      "product": 1,
      "quantity": "3.000",
      "subtotal": null
    }
  },
  {
    "model": "core.saleitem",
    "pk": 22,
    "fields": {
      "active": true,
      "created_at": "2019-05-15T23:20:37.889Z",
      "modified_at": "2019-05-21T22:40:48.300Z",
      "sale": 2,
      "product": 2,
      "quantity": "2.000",
      "subtotal": null
    }
  },
  {
    "model": "core.saleitem",
    "pk": 23,
    "fields": {
      "active": true,
      "created_at": "2019-05-15T23:20:37.889Z",
      "modified_at": "2019-05-21T22:40:48.301Z",
      "sale": 3,
      "product": 3,
      "quantity": "4.000",
      "subtotal": null
    }
  },
  {
    "model": "core.saleitem",
    "pk": 24,
    "fields": {
      "active": true,
      "created_at": "2019-05-15T23:20:37.889Z",
      "modified_at": "2019-05-21T22:40:48.303Z",
      "sale": 4,
      "product": 4,
      "quantity": "5.000",
      "subtotal": null
    }
  },
  {
    "model": "core.saleitem",
    "pk": 25,
    "fields": {
      "active": true,
      "created_at": "2019-05-15T23:20:37.889Z",
      "modified_at": "2019-05-21T22:40:48.304Z",
      "sale": 5,
      "product": 5,
      "quantity": "8.000",
      "subtotal": null
    }
  },
  {
    "model": "core.saleitem",
    "pk": 26,
    "fields": {
      "active": true,
      "created_at": "2019-05-15T23:20:37.889Z",
      "modified_at": "2019-05-21T22:40:48.306Z",
      "sale": 6,
      "product": 11,
      "quantity": "16.000",
      "subtotal": null
    }
  },
  {
    "model": "core.saleitem",
    "pk": 27,
    "fields": {
      "active": true,
      "created_at": "2019-05-15T23:20:37.889Z",
      "modified_at": "2019-05-21T22:40:48.307Z",
      "sale": 6,
      "product": 11,
      "quantity": "16.000",
      "subtotal": null
    }
  },
  {
    "model": "core.saleitem",
    "pk": 28,
    "fields": {
      "active": true,
      "created_at": "2019-05-15T23:20:37.889Z",
      "modified_at": "2019-05-21T22:40:48.308Z",
      "sale": 6,
      "product": 11,
      "quantity": "16.000",
      "subtotal": null
    }
  },
  {
    "model": "core.saleitem",
    "pk": 29,
    "fields": {
      "active": true,
      "created_at": "2019-05-15T23:20:37.889Z",
      "modified_at": "2019-05-21T22:40:48.309Z",
      "sale": 6,
      "product": 11,
      "quantity": "16.000",
      "subtotal": null
    }
  },
  {
    "model": "core.saleitem",
    "pk": 30,
    "fields": {
      "active": true,
      "created_at": "2019-05-15T23:20:37.889Z",
      "modified_at": "2019-05-21T22:40:48.310Z",
      "sale": 6,
      "product": 11,
      "quantity": "16.000",
      "subtotal": null
    }
  },
  {
    "model": "core.saleitem",
    "pk": 31,
    "fields": {
      "active": true,
      "created_at": "2019-05-15T23:20:37.889Z",
      "modified_at": "2019-05-21T22:40:48.311Z",
      "sale": 7,
      "product": 11,
      "quantity": "16.000",
      "subtotal": null
    }
  },
  {
    "model": "core.saleitem",
    "pk": 32,
    "fields": {
      "active": true,
      "created_at": "2019-05-15T23:20:37.889Z",
      "modified_at": "2019-05-21T22:40:48.313Z",
      "sale": 7,
      "product": 11,
      "quantity": "16.000",
      "subtotal": null
    }
  },
  {
    "model": "core.saleitem",
    "pk": 33,
    "fields": {
      "active": true,
      "created_at": "2019-05-15T23:20:37.889Z",
      "modified_at": "2019-05-21T22:40:48.314Z",
      "sale": 7,
      "product": 11,
      "quantity": "16.000",
      "subtotal": null
    }
  },
  {
    "model": "core.saleitem",
    "pk": 34,
    "fields": {
      "active": true,
      "created_at": "2019-05-15T23:20:37.889Z",
      "modified_at": "2019-05-21T22:40:48.315Z",
      "sale": 7,
      "product": 11,
      "quantity": "16.000",
      "subtotal": null
    }
  },
  {
    "model": "core.saleitem",
    "pk": 35,
    "fields": {
      "active": true,
      "created_at": "2019-05-15T23:20:37.889Z",
      "modified_at": "2019-05-21T22:40:48.316Z",
      "sale": 7,
      "product": 11,
      "quantity": "16.000",
      "subtotal": null
    }
  },
  {
    "model": "core.saleitem",
    "pk": 36,
    "fields": {
      "active": true,
      "created_at": "2019-05-15T23:20:37.889Z",
      "modified_at": "2019-05-21T22:40:48.318Z",
      "sale": 8,
      "product": 11,
      "quantity": "16.000",
      "subtotal": null
    }
  },
  {
    "model": "core.saleitem",
    "pk": 37,
    "fields": {
      "active": true,
      "created_at": "2019-05-15T23:20:37.889Z",
      "modified_at": "2019-05-21T22:40:48.319Z",
      "sale": 8,
      "product": 11,
      "quantity": "16.000",
      "subtotal": null
    }
  },
  {
    "model": "core.saleitem",
    "pk": 38,
    "fields": {
      "active": true,
      "created_at": "2019-05-15T23:20:37.889Z",
      "modified_at": "2019-05-21T22:40:48.435Z",
      "sale": 8,
      "product": 11,
      "quantity": "16.000",
      "subtotal": null
    }
  },
  {
    "model": "core.saleitem",
    "pk": 39,
    "fields": {
      "active": true,
      "created_at": "2019-05-15T23:20:37.889Z",
      "modified_at": "2019-05-21T22:40:48.321Z",
      "sale": 8,
      "product": 11,
      "quantity": "16.000",
      "subtotal": null
    }
  },
  {
    "model": "core.saleitem",
    "pk": 40,
    "fields": {
      "active": true,
      "created_at": "2019-05-15T23:20:37.889Z",
      "modified_at": "2019-05-21T22:40:48.322Z",
      "sale": 8,
      "product": 11,
      "quantity": "16.000",
      "subtotal": null
    }
  },
  {
    "model": "core.saleitem",
    "pk": 41,
    "fields": {
      "active": true,
      "created_at": "2019-05-15T23:20:37.889Z",
      "modified_at": "2019-05-21T22:40:48.323Z",
      "sale": 9,
      "product": 11,
      "quantity": "16.000",
      "subtotal": null
    }
  },
  {
    "model": "core.saleitem",
    "pk": 42,
    "fields": {
      "active": true,
      "created_at": "2019-05-15T23:20:37.889Z",
      "modified_at": "2019-05-21T22:40:48.325Z",
      "sale": 9,
      "product": 11,
      "quantity": "16.000",
      "subtotal": null
    }
  },
  {
    "model": "core.saleitem",
    "pk": 43,
    "fields": {
      "active": true,
      "created_at": "2019-05-15T23:20:37.889Z",
      "modified_at": "2019-05-21T22:40:48.326Z",
      "sale": 9,
      "product": 11,
      "quantity": "16.000",
      "subtotal": null
    }
  },
  {
    "model": "core.saleitem",
    "pk": 44,
    "fields": {
      "active": true,
      "created_at": "2019-05-15T23:20:37.889Z",
      "modified_at": "2019-05-21T22:40:48.327Z",
      "sale": 9,
      "product": 11,
      "quantity": "16.000",
      "subtotal": null
    }
  },
  {
    "model": "core.saleitem",
    "pk": 45,
    "fields": {
      "active": true,
      "created_at": "2019-05-15T23:20:37.889Z",
      "modified_at": "2019-05-21T22:40:48.328Z",
      "sale": 9,
      "product": 11,
      "quantity": "16.000",
      "subtotal": null
    }
  },
  {
    "model": "core.saleitem",
    "pk": 46,
    "fields": {
      "active": true,
      "created_at": "2019-05-15T23:20:37.889Z",
      "modified_at": "2019-05-21T22:40:48.330Z",
      "sale": 10,
      "product": 11,
      "quantity": "16.000",
      "subtotal": null
    }
  },
  {
    "model": "core.saleitem",
    "pk": 47,
    "fields": {
      "active": true,
      "created_at": "2019-05-15T23:20:37.889Z",
      "modified_at": "2019-05-21T22:40:48.331Z",
      "sale": 10,
      "product": 11,
      "quantity": "16.000",
      "subtotal": null
    }
  },
  {
    "model": "core.saleitem",
    "pk": 48,
    "fields": {
      "active": true,
      "created_at": "2019-05-15T23:20:37.889Z",
      "modified_at": "2019-05-21T22:40:48.332Z",
      "sale": 10,
      "product": 11,
      "quantity": "16.000",
      "subtotal": null
    }
  },
  {
    "model": "core.saleitem",
    "pk": 49,
    "fields": {
      "active": true,
      "created_at": "2019-05-15T23:20:37.889Z",
      "modified_at": "2019-05-21T22:40:48.334Z",
      "sale": 10,
      "product": 11,
      "quantity": "16.000",
      "subtotal": null
    }
  },
  {
    "model": "core.saleitem",
    "pk": 50,
    "fields": {
      "active": true,
      "created_at": "2019-05-15T23:20:37.889Z",
      "modified_at": "2019-05-21T22:40:48.335Z",
      "sale": 10,
      "product": 11,
      "quantity": "16.000",
      "subtotal": null
    }
  },
  {
    "model": "core.saleitem",
    "pk": 51,
    "fields": {
      "active": true,
      "created_at": "2019-05-15T23:20:37.889Z",
      "modified_at": "2019-05-21T22:40:48.337Z",
      "sale": 11,
      "product": 21,
      "quantity": "10.000",
      "subtotal": null
    }
  },
  {
    "model": "core.saleitem",
    "pk": 52,
    "fields": {
      "active": true,
      "created_at": "2019-05-15T23:20:37.889Z",
      "modified_at": "2019-05-21T22:40:48.338Z",
      "sale": 12,
      "product": 22,
      "quantity": "30.000",
      "subtotal": null
    }
  },
  {
    "model": "core.saleitem",
    "pk": 53,
    "fields": {
      "active": true,
      "created_at": "2019-05-15T23:20:37.889Z",
      "modified_at": "2019-05-21T22:40:48.339Z",
      "sale": 13,
      "product": 23,
      "quantity": "1.000",
      "subtotal": null
    }
  },
  {
    "model": "core.saleitem",
    "pk": 54,
    "fields": {
      "active": true,
      "created_at": "2019-05-15T23:20:37.889Z",
      "modified_at": "2019-05-21T22:40:48.340Z",
      "sale": 14,
      "product": 24,
      "quantity": "6.000",
      "subtotal": null
    }
  },
  {
    "model": "core.saleitem",
    "pk": 55,
    "fields": {
      "active": true,
      "created_at": "2019-05-15T23:20:37.889Z",
      "modified_at": "2019-05-21T22:40:48.436Z",
      "sale": 15,
      "product": 25,
      "quantity": "15.000",
      "subtotal": null
    }
  },
  {
    "model": "core.saleitem",
    "pk": 56,
    "fields": {
      "active": true,
      "created_at": "2019-05-15T23:20:37.889Z",
      "modified_at": "2019-05-21T22:40:48.341Z",
      "sale": 12,
      "product": 26,
      "quantity": "21.000",
      "subtotal": null
    }
  },
  {
    "model": "core.saleitem",
    "pk": 57,
    "fields": {
      "active": true,
      "created_at": "2019-05-15T23:20:37.889Z",
      "modified_at": "2019-05-21T22:40:48.342Z",
      "sale": 14,
      "product": 27,
      "quantity": "5.000",
      "subtotal": null
    }
  },
  {
    "model": "core.saleitem",
    "pk": 58,
    "fields": {
      "active": true,
      "created_at": "2019-05-15T23:20:37.889Z",
      "modified_at": "2019-05-21T22:40:48.343Z",
      "sale": 14,
      "product": 28,
      "quantity": "17.000",
      "subtotal": null
    }
  },
  {
    "model": "core.saleitem",
    "pk": 59,
    "fields": {
      "active": true,
      "created_at": "2019-05-15T23:20:37.889Z",
      "modified_at": "2019-05-21T22:40:48.344Z",
      "sale": 13,
      "product": 29,
      "quantity": "30.000",
      "subtotal": null
    }
  },
  {
    "model": "core.saleitem",
    "pk": 60,
    "fields": {
      "active": true,
      "created_at": "2019-05-15T23:20:37.889Z",
      "modified_at": "2019-05-21T22:40:48.345Z",
      "sale": 11,
      "product": 30,
      "quantity": "12.000",
      "subtotal": null
    }
  },
  {
    "model": "core.saleitem",
    "pk": 61,
    "fields": {
      "active": true,
      "created_at": "2019-05-15T23:20:37.889Z",
      "modified_at": "2019-05-21T22:40:48.346Z",
      "sale": 15,
      "product": 22,
      "quantity": "20.000",
      "subtotal": null
    }
  },
  {
    "model": "core.saleitem",
    "pk": 62,
    "fields": {
      "active": true,
      "created_at": "2019-05-15T23:20:37.889Z",
      "modified_at": "2019-05-21T22:40:48.347Z",
      "sale": 13,
      "product": 23,
      "quantity": "45.000",
      "subtotal": null
    }
  },
  {
    "model": "core.saleitem",
    "pk": 63,
    "fields": {
      "active": true,
      "created_at": "2019-05-15T23:20:37.889Z",
      "modified_at": "2019-05-21T22:40:48.348Z",
      "sale": 15,
      "product": 26,
      "quantity": "80.000",
      "subtotal": null
    }
  },
  {
    "model": "core.saleitem",
    "pk": 64,
    "fields": {
      "active": true,
      "created_at": "2019-05-15T23:20:37.889Z",
      "modified_at": "2019-05-21T22:40:48.349Z",
      "sale": 13,
      "product": 27,
      "quantity": "100.000",
      "subtotal": null
    }
  },
  {
    "model": "core.saleitem",
    "pk": 65,
    "fields": {
      "active": true,
      "created_at": "2019-05-15T23:20:37.889Z",
      "modified_at": "2019-05-21T22:40:48.350Z",
      "sale": 14,
      "product": 23,
      "quantity": "20.000",
      "subtotal": null
    }
  },
  {
    "model": "core.saleitem",
    "pk": 66,
    "fields": {
      "active": true,
      "created_at": "2019-05-15T23:20:37.889Z",
      "modified_at": "2019-05-21T22:40:48.351Z",
      "sale": 12,
      "product": 23,
      "quantity": "200.000",
      "subtotal": null
    }
  },
  {
    "model": "core.saleitem",
    "pk": 67,
    "fields": {
      "active": true,
      "created_at": "2019-05-15T23:20:37.889Z",
      "modified_at": "2019-05-21T22:40:48.352Z",
      "sale": 13,
      "product": 30,
      "quantity": "22.000",
      "subtotal": null
    }
  },
  {
    "model": "core.saleitem",
    "pk": 68,
    "fields": {
      "active": true,
      "created_at": "2019-05-15T23:20:37.889Z",
      "modified_at": "2019-05-21T22:40:48.353Z",
      "sale": 15,
      "product": 26,
      "quantity": "123.000",
      "subtotal": null
    }
  },
  {
    "model": "core.saleitem",
    "pk": 69,
    "fields": {
      "active": true,
      "created_at": "2019-05-15T23:20:37.889Z",
      "modified_at": "2019-05-21T22:40:48.354Z",
      "sale": 13,
      "product": 23,
      "quantity": "90.000",
      "subtotal": null
    }
  },
  {
    "model": "core.saleitem",
    "pk": 70,
    "fields": {
      "active": true,
      "created_at": "2019-05-15T23:20:37.889Z",
      "modified_at": "2019-05-21T22:40:48.355Z",
      "sale": 11,
      "product": 28,
      "quantity": "1000.000",
      "subtotal": null
    }
  },
  {
    "model": "core.saleitem",
    "pk": 71,
    "fields": {
      "active": true,
      "created_at": "2019-05-15T23:20:37.889Z",
      "modified_at": "2019-05-21T22:40:48.356Z",
      "sale": 13,
      "product": 23,
      "quantity": "356.000",
      "subtotal": null
    }
  },
  {
    "model": "core.saleitem",
    "pk": 72,
    "fields": {
      "active": true,
      "created_at": "2019-05-15T23:20:37.889Z",
      "modified_at": "2019-05-21T22:40:48.436Z",
      "sale": 15,
      "product": 22,
      "quantity": "65.000",
      "subtotal": null
    }
  },
  {
    "model": "core.saleitem",
    "pk": 73,
    "fields": {
      "active": true,
      "created_at": "2019-05-15T23:20:37.889Z",
      "modified_at": "2019-05-21T22:40:48.357Z",
      "sale": 13,
      "product": 23,
      "quantity": "2000.000",
      "subtotal": null
    }
  },
  {
    "model": "core.saleitem",
    "pk": 74,
    "fields": {
      "active": true,
      "created_at": "2019-05-15T23:20:37.889Z",
      "modified_at": "2019-05-21T22:40:48.358Z",
      "sale": 13,
      "product": 29,
      "quantity": "300.000",
      "subtotal": null
    }
  },
  {
    "model": "core.saleitem",
    "pk": 75,
    "fields": {
      "active": true,
      "created_at": "2019-05-15T23:20:37.889Z",
      "modified_at": "2019-05-21T22:40:48.358Z",
      "sale": 14,
      "product": 23,
      "quantity": "55.000",
      "subtotal": null
    }
  },
  {
    "model": "core.saleitem",
    "pk": 76,
    "fields": {
      "active": true,
      "created_at": "2019-05-15T23:20:37.889Z",
      "modified_at": "2019-05-21T22:40:48.359Z",
      "sale": 16,
      "product": 31,
      "quantity": "1.000",
      "subtotal": null
    }
  },
  {
    "model": "core.saleitem",
    "pk": 77,
    "fields": {
      "active": true,
      "created_at": "2019-05-15T23:20:37.889Z",
      "modified_at": "2019-05-21T22:40:48.360Z",
      "sale": 16,
      "product": 31,
      "quantity": "1.000",
      "subtotal": null
    }
  },
  {
    "model": "core.saleitem",
    "pk": 78,
    "fields": {
      "active": true,
      "created_at": "2019-05-15T23:20:37.889Z",
      "modified_at": "2019-05-21T22:40:48.361Z",
      "sale": 16,
      "product": 31,
      "quantity": "1.000",
      "subtotal": null
    }
  },
  {
    "model": "core.saleitem",
    "pk": 79,
    "fields": {
      "active": true,
      "created_at": "2019-05-15T23:20:37.889Z",
      "modified_at": "2019-05-21T22:40:48.362Z",
      "sale": 16,
      "product": 31,
      "quantity": "1.000",
      "subtotal": null
    }
  },
  {
    "model": "core.saleitem",
    "pk": 80,
    "fields": {
      "active": true,
      "created_at": "2019-05-15T23:20:37.889Z",
      "modified_at": "2019-05-21T22:40:48.363Z",
      "sale": 16,
      "product": 31,
      "quantity": "1.000",
      "subtotal": null
    }
  },
  {
    "model": "core.saleitem",
    "pk": 81,
    "fields": {
      "active": true,
      "created_at": "2019-05-15T23:20:37.889Z",
      "modified_at": "2019-05-21T22:40:48.364Z",
      "sale": 16,
      "product": 31,
      "quantity": "1.000",
      "subtotal": null
    }
  },
  {
    "model": "core.saleitem",
    "pk": 82,
    "fields": {
      "active": true,
      "created_at": "2019-05-15T23:20:37.889Z",
      "modified_at": "2019-05-21T22:40:48.364Z",
      "sale": 16,
      "product": 31,
      "quantity": "1.000",
      "subtotal": null
    }
  },
  {
    "model": "core.saleitem",
    "pk": 83,
    "fields": {
      "active": true,
      "created_at": "2019-05-15T23:20:37.889Z",
      "modified_at": "2019-05-21T22:40:48.365Z",
      "sale": 16,
      "product": 31,
      "quantity": "1.000",
      "subtotal": null
    }
  },
  {
    "model": "core.saleitem",
    "pk": 84,
    "fields": {
      "active": true,
      "created_at": "2019-05-15T23:20:37.889Z",
      "modified_at": "2019-05-21T22:40:48.366Z",
      "sale": 16,
      "product": 31,
      "quantity": "1.000",
      "subtotal": null
    }
  },
  {
    "model": "core.saleitem",
    "pk": 85,
    "fields": {
      "active": true,
      "created_at": "2019-05-15T23:20:37.889Z",
      "modified_at": "2019-05-21T22:40:48.367Z",
      "sale": 16,
      "product": 31,
      "quantity": "1.000",
      "subtotal": null
    }
  },
  {
    "model": "core.saleitem",
    "pk": 86,
    "fields": {
      "active": true,
      "created_at": "2019-05-15T23:20:37.889Z",
      "modified_at": "2019-05-21T22:40:48.368Z",
      "sale": 16,
      "product": 31,
      "quantity": "1.000",
      "subtotal": null
    }
  },
  {
    "model": "core.saleitem",
    "pk": 87,
    "fields": {
      "active": true,
      "created_at": "2019-05-15T23:20:37.889Z",
      "modified_at": "2019-05-21T22:40:48.369Z",
      "sale": 16,
      "product": 31,
      "quantity": "1.000",
      "subtotal": null
    }
  },
  {
    "model": "core.saleitem",
    "pk": 88,
    "fields": {
      "active": true,
      "created_at": "2019-05-15T23:20:37.889Z",
      "modified_at": "2019-05-21T22:40:48.370Z",
      "sale": 16,
      "product": 31,
      "quantity": "1.000",
      "subtotal": null
    }
  },
  {
    "model": "core.saleitem",
    "pk": 89,
    "fields": {
      "active": true,
      "created_at": "2019-05-15T23:20:37.889Z",
      "modified_at": "2019-05-21T22:40:48.437Z",
      "sale": 16,
      "product": 31,
      "quantity": "1.000",
      "subtotal": null
    }
  },
  {
    "model": "core.saleitem",
    "pk": 90,
    "fields": {
      "active": true,
      "created_at": "2019-05-15T23:20:37.889Z",
      "modified_at": "2019-05-21T22:40:48.370Z",
      "sale": 16,
      "product": 31,
      "quantity": "1.000",
      "subtotal": null
    }
  },
  {
    "model": "core.saleitem",
    "pk": 91,
    "fields": {
      "active": true,
      "created_at": "2019-05-15T23:20:37.889Z",
      "modified_at": "2019-05-21T22:40:48.371Z",
      "sale": 16,
      "product": 31,
      "quantity": "1.000",
      "subtotal": null
    }
  },
  {
    "model": "core.saleitem",
    "pk": 92,
    "fields": {
      "active": true,
      "created_at": "2019-05-15T23:20:37.889Z",
      "modified_at": "2019-05-21T22:40:48.372Z",
      "sale": 16,
      "product": 31,
      "quantity": "1.000",
      "subtotal": null
    }
  },
  {
    "model": "core.saleitem",
    "pk": 93,
    "fields": {
      "active": true,
      "created_at": "2019-05-15T23:20:37.889Z",
      "modified_at": "2019-05-21T22:40:48.373Z",
      "sale": 16,
      "product": 31,
      "quantity": "1.000",
      "subtotal": null
    }
  },
  {
    "model": "core.saleitem",
    "pk": 94,
    "fields": {
      "active": true,
      "created_at": "2019-05-15T23:20:37.889Z",
      "modified_at": "2019-05-21T22:40:48.374Z",
      "sale": 16,
      "product": 31,
      "quantity": "1.000",
      "subtotal": null
    }
  },
  {
    "model": "core.saleitem",
    "pk": 95,
    "fields": {
      "active": true,
      "created_at": "2019-05-15T23:20:37.889Z",
      "modified_at": "2019-05-21T22:40:48.375Z",
      "sale": 16,
      "product": 31,
      "quantity": "1.000",
      "subtotal": null
    }
  },
  {
    "model": "core.saleitem",
    "pk": 96,
    "fields": {
      "active": true,
      "created_at": "2019-05-15T23:20:37.889Z",
      "modified_at": "2019-05-21T22:40:48.375Z",
      "sale": 16,
      "product": 31,
      "quantity": "1.000",
      "subtotal": null
    }
  },
  {
    "model": "core.saleitem",
    "pk": 97,
    "fields": {
      "active": true,
      "created_at": "2019-05-15T23:20:37.889Z",
      "modified_at": "2019-05-21T22:40:48.376Z",
      "sale": 16,
      "product": 31,
      "quantity": "1.000",
      "subtotal": null
    }
  },
  {
    "model": "core.saleitem",
    "pk": 98,
    "fields": {
      "active": true,
      "created_at": "2019-05-15T23:20:37.889Z",
      "modified_at": "2019-05-21T22:40:48.377Z",
      "sale": 16,
      "product": 31,
      "quantity": "1.000",
      "subtotal": null
    }
  },
  {
    "model": "core.saleitem",
    "pk": 99,
    "fields": {
      "active": true,
      "created_at": "2019-05-15T23:20:37.889Z",
      "modified_at": "2019-05-21T22:40:48.378Z",
      "sale": 16,
      "product": 31,
      "quantity": "1.000",
      "subtotal": null
    }
  },
  {
    "model": "core.saleitem",
    "pk": 100,
    "fields": {
      "active": true,
      "created_at": "2019-05-15T23:20:37.889Z",
      "modified_at": "2019-05-21T22:40:48.379Z",
      "sale": 16,
      "product": 31,
      "quantity": "1.000",
      "subtotal": null
    }
  },
  {
    "model": "core.saleitem",
    "pk": 101,
    "fields": {
      "active": true,
      "created_at": "2019-05-15T23:20:37.889Z",
      "modified_at": "2019-05-21T22:40:48.380Z",
      "sale": 21,
      "product": 41,
      "quantity": "1.000",
      "subtotal": null
    }
  },
  {
    "model": "core.saleitem",
    "pk": 102,
    "fields": {
      "active": true,
      "created_at": "2019-05-15T23:20:37.889Z",
      "modified_at": "2019-05-21T22:40:48.380Z",
      "sale": 21,
      "product": 42,
      "quantity": "1.000",
      "subtotal": null
    }
  },
  {
    "model": "core.saleitem",
    "pk": 103,
    "fields": {
      "active": true,
      "created_at": "2019-05-15T23:20:37.889Z",
      "modified_at": "2019-05-21T22:40:48.381Z",
      "sale": 21,
      "product": 43,
      "quantity": "1.000",
      "subtotal": null
    }
  },
  {
    "model": "core.saleitem",
    "pk": 104,
    "fields": {
      "active": true,
      "created_at": "2019-05-15T23:20:37.889Z",
      "modified_at": "2019-05-21T22:40:48.382Z",
      "sale": 21,
      "product": 44,
      "quantity": "1.000",
      "subtotal": null
    }
  },
  {
    "model": "core.saleitem",
    "pk": 105,
    "fields": {
      "active": true,
      "created_at": "2019-05-15T23:20:37.889Z",
      "modified_at": "2019-05-21T22:40:48.383Z",
      "sale": 21,
      "product": 45,
      "quantity": "1.000",
      "subtotal": null
    }
  },
  {
    "model": "core.saleitem",
    "pk": 106,
    "fields": {
      "active": true,
      "created_at": "2019-05-15T23:20:37.889Z",
      "modified_at": "2019-05-21T22:40:48.438Z",
      "sale": 23,
      "product": 46,
      "quantity": "1.000",
      "subtotal": null
    }
  },
  {
    "model": "core.saleitem",
    "pk": 107,
    "fields": {
      "active": true,
      "created_at": "2019-05-15T23:20:37.889Z",
      "modified_at": "2019-05-21T22:40:48.384Z",
      "sale": 23,
      "product": 47,
      "quantity": "1.000",
      "subtotal": null
    }
  },
  {
    "model": "core.saleitem",
    "pk": 108,
    "fields": {
      "active": true,
      "created_at": "2019-05-15T23:20:37.889Z",
      "modified_at": "2019-05-21T22:40:48.385Z",
      "sale": 23,
      "product": 48,
      "quantity": "1.000",
      "subtotal": null
    }
  },
  {
    "model": "core.saleitem",
    "pk": 109,
    "fields": {
      "active": true,
      "created_at": "2019-05-15T23:20:37.889Z",
      "modified_at": "2019-05-21T22:40:48.385Z",
      "sale": 23,
      "product": 49,
      "quantity": "1.000",
      "subtotal": null
    }
  },
  {
    "model": "core.saleitem",
    "pk": 110,
    "fields": {
      "active": true,
      "created_at": "2019-05-15T23:20:37.889Z",
      "modified_at": "2019-05-21T22:40:48.386Z",
      "sale": 23,
      "product": 50,
      "quantity": "1.000",
      "subtotal": null
    }
  },
  {
    "model": "core.saleitem",
    "pk": 111,
    "fields": {
      "active": true,
      "created_at": "2019-05-15T23:20:37.889Z",
      "modified_at": "2019-05-21T22:40:48.387Z",
      "sale": 25,
      "product": 41,
      "quantity": "1.000",
      "subtotal": null
    }
  },
  {
    "model": "core.saleitem",
    "pk": 112,
    "fields": {
      "active": true,
      "created_at": "2019-05-15T23:20:37.889Z",
      "modified_at": "2019-05-21T22:40:48.388Z",
      "sale": 25,
      "product": 42,
      "quantity": "1.000",
      "subtotal": null
    }
  },
  {
    "model": "core.saleitem",
    "pk": 113,
    "fields": {
      "active": true,
      "created_at": "2019-05-15T23:20:37.889Z",
      "modified_at": "2019-05-21T22:40:48.389Z",
      "sale": 25,
      "product": 43,
      "quantity": "1.000",
      "subtotal": null
    }
  },
  {
    "model": "core.saleitem",
    "pk": 114,
    "fields": {
      "active": true,
      "created_at": "2019-05-15T23:20:37.889Z",
      "modified_at": "2019-05-21T22:40:48.390Z",
      "sale": 25,
      "product": 44,
      "quantity": "1.000",
      "subtotal": null
    }
  },
  {
    "model": "core.saleitem",
    "pk": 115,
    "fields": {
      "active": true,
      "created_at": "2019-05-15T23:20:37.889Z",
      "modified_at": "2019-05-21T22:40:48.390Z",
      "sale": 25,
      "product": 45,
      "quantity": "1.000",
      "subtotal": null
    }
  },
  {
    "model": "core.saleitem",
    "pk": 116,
    "fields": {
      "active": true,
      "created_at": "2019-05-15T23:20:37.889Z",
      "modified_at": "2019-05-21T22:40:48.391Z",
      "sale": 22,
      "product": 46,
      "quantity": "1.000",
      "subtotal": null
    }
  },
  {
    "model": "core.saleitem",
    "pk": 117,
    "fields": {
      "active": true,
      "created_at": "2019-05-15T23:20:37.889Z",
      "modified_at": "2019-05-21T22:40:48.392Z",
      "sale": 22,
      "product": 47,
      "quantity": "1.000",
      "subtotal": null
    }
  },
  {
    "model": "core.saleitem",
    "pk": 118,
    "fields": {
      "active": true,
      "created_at": "2019-05-15T23:20:37.889Z",
      "modified_at": "2019-05-21T22:40:48.393Z",
      "sale": 22,
      "product": 48,
      "quantity": "1.000",
      "subtotal": null
    }
  },
  {
    "model": "core.saleitem",
    "pk": 119,
    "fields": {
      "active": true,
      "created_at": "2019-05-15T23:20:37.889Z",
      "modified_at": "2019-05-21T22:40:48.394Z",
      "sale": 22,
      "product": 49,
      "quantity": "1.000",
      "subtotal": null
    }
  },
  {
    "model": "core.saleitem",
    "pk": 120,
    "fields": {
      "active": true,
      "created_at": "2019-05-15T23:20:37.889Z",
      "modified_at": "2019-05-21T22:40:48.395Z",
      "sale": 22,
      "product": 50,
      "quantity": "1.000",
      "subtotal": null
    }
  },
  {
    "model": "core.saleitem",
    "pk": 121,
    "fields": {
      "active": true,
      "created_at": "2019-05-15T23:20:37.889Z",
      "modified_at": "2019-05-21T22:40:48.439Z",
      "sale": 24,
      "product": 41,
      "quantity": "1.000",
      "subtotal": null
    }
  },
  {
    "model": "core.saleitem",
    "pk": 122,
    "fields": {
      "active": true,
      "created_at": "2019-05-15T23:20:37.889Z",
      "modified_at": "2019-05-21T22:40:48.440Z",
      "sale": 24,
      "product": 42,
      "quantity": "1.000",
      "subtotal": null
    }
  },
  {
    "model": "core.saleitem",
    "pk": 123,
    "fields": {
      "active": true,
      "created_at": "2019-05-15T23:20:37.889Z",
      "modified_at": "2019-05-21T22:40:48.397Z",
      "sale": 24,
      "product": 43,
      "quantity": "1.000",
      "subtotal": null
    }
  },
  {
    "model": "core.saleitem",
    "pk": 124,
    "fields": {
      "active": true,
      "created_at": "2019-05-15T23:20:37.889Z",
      "modified_at": "2019-05-21T22:40:48.398Z",
      "sale": 24,
      "product": 44,
      "quantity": "1.000",
      "subtotal": null
    }
  },
  {
    "model": "core.saleitem",
    "pk": 125,
    "fields": {
      "active": true,
      "created_at": "2019-05-15T23:20:37.889Z",
      "modified_at": "2019-05-21T22:40:48.399Z",
      "sale": 24,
      "product": 45,
      "quantity": "1.000",
      "subtotal": null
    }
  },
  {
    "model": "core.saleitem",
    "pk": 126,
    "fields": {
      "active": true,
      "created_at": "2019-05-15T23:20:37.889Z",
      "modified_at": "2019-05-21T22:40:48.400Z",
      "sale": 26,
      "product": 24,
      "quantity": "200.000",
      "subtotal": null
    }
  },
  {
    "model": "core.saleitem",
    "pk": 127,
    "fields": {
      "active": true,
      "created_at": "2019-05-15T23:20:37.889Z",
      "modified_at": "2019-05-21T22:40:48.400Z",
      "sale": 27,
      "product": 35,
      "quantity": "500.000",
      "subtotal": null
    }
  },
  {
    "model": "core.saleitem",
    "pk": 128,
    "fields": {
      "active": true,
      "created_at": "2019-05-15T23:20:37.889Z",
      "modified_at": "2019-05-21T22:40:48.401Z",
      "sale": 28,
      "product": 25,
      "quantity": "600.000",
      "subtotal": null
    }
  },
  {
    "model": "core.saleitem",
    "pk": 129,
    "fields": {
      "active": true,
      "created_at": "2019-05-15T23:20:37.889Z",
      "modified_at": "2019-05-21T22:40:48.402Z",
      "sale": 29,
      "product": 43,
      "quantity": "900.000",
      "subtotal": null
    }
  },
  {
    "model": "core.saleitem",
    "pk": 130,
    "fields": {
      "active": true,
      "created_at": "2019-05-15T23:20:37.889Z",
      "modified_at": "2019-05-21T22:40:48.403Z",
      "sale": 30,
      "product": 23,
      "quantity": "100.000",
      "subtotal": null
    }
  },
  {
    "model": "core.saleitem",
    "pk": 131,
    "fields": {
      "active": true,
      "created_at": "2019-05-15T23:20:37.889Z",
      "modified_at": "2019-05-21T22:40:48.404Z",
      "sale": 31,
      "product": 12,
      "quantity": "50.000",
      "subtotal": null
    }
  },
  {
    "model": "core.saleitem",
    "pk": 132,
    "fields": {
      "active": true,
      "created_at": "2019-05-15T23:20:37.889Z",
      "modified_at": "2019-05-21T22:40:48.405Z",
      "sale": 32,
      "product": 27,
      "quantity": "50.000",
      "subtotal": null
    }
  },
  {
    "model": "core.saleitem",
    "pk": 133,
    "fields": {
      "active": true,
      "created_at": "2019-05-15T23:20:37.889Z",
      "modified_at": "2019-05-21T22:40:48.406Z",
      "sale": 33,
      "product": 53,
      "quantity": "90.000",
      "subtotal": null
    }
  },
  {
    "model": "core.saleitem",
    "pk": 134,
    "fields": {
      "active": true,
      "created_at": "2019-05-15T23:20:37.889Z",
      "modified_at": "2019-05-21T22:40:48.406Z",
      "sale": 34,
      "product": 35,
      "quantity": "30.000",
      "subtotal": null
    }
  },
  {
    "model": "core.saleitem",
    "pk": 135,
    "fields": {
      "active": true,
      "created_at": "2019-05-15T23:20:37.889Z",
      "modified_at": "2019-05-21T22:40:48.415Z",
      "sale": 35,
      "product": 56,
      "quantity": "150.000",
      "subtotal": null
    }
  },
  {
    "model": "core.saleitem",
    "pk": 136,
    "fields": {
      "active": true,
      "created_at": "2019-05-15T23:20:37.889Z",
      "modified_at": "2019-05-21T22:40:48.416Z",
      "sale": 25,
      "product": 32,
      "quantity": "220.000",
      "subtotal": null
    }
  },
  {
    "model": "core.saleitem",
    "pk": 137,
    "fields": {
      "active": true,
      "created_at": "2019-05-15T23:20:37.889Z",
      "modified_at": "2019-05-21T22:40:48.417Z",
      "sale": 34,
      "product": 44,
      "quantity": "450.000",
      "subtotal": null
    }
  },
  {
    "model": "core.saleitem",
    "pk": 138,
    "fields": {
      "active": true,
      "created_at": "2019-05-15T23:20:37.889Z",
      "modified_at": "2019-05-21T22:40:48.417Z",
      "sale": 34,
      "product": 43,
      "quantity": "10.000",
      "subtotal": null
    }
  },
  {
    "model": "core.saleitem",
    "pk": 139,
    "fields": {
      "active": true,
      "created_at": "2019-05-15T23:20:37.889Z",
      "modified_at": "2019-05-21T22:40:48.418Z",
      "sale": 34,
      "product": 23,
      "quantity": "50.000",
      "subtotal": null
    }
  },
  {
    "model": "core.saleitem",
    "pk": 140,
    "fields": {
      "active": true,
      "created_at": "2019-05-15T23:20:37.889Z",
      "modified_at": "2019-05-21T22:40:48.419Z",
      "sale": 1,
      "product": 1,
      "quantity": "30.000",
      "subtotal": null
    }
  },
  {
    "model": "core.saleitem",
    "pk": 141,
    "fields": {
      "active": true,
      "created_at": "2019-05-15T23:20:37.889Z",
      "modified_at": "2019-05-21T22:40:48.420Z",
      "sale": 12,
      "product": 11,
      "quantity": "60.000",
      "subtotal": null
    }
  },
  {
    "model": "core.saleitem",
    "pk": 142,
    "fields": {
      "active": true,
      "created_at": "2019-05-15T23:20:37.889Z",
      "modified_at": "2019-05-21T22:40:48.421Z",
      "sale": 11,
      "product": 4,
      "quantity": "80.000",
      "subtotal": null
    }
  },
  {
    "model": "core.saleitem",
    "pk": 143,
    "fields": {
      "active": true,
      "created_at": "2019-05-15T23:20:37.889Z",
      "modified_at": "2019-05-21T22:40:48.421Z",
      "sale": 10,
      "product": 5,
      "quantity": "10.000",
      "subtotal": null
    }
  },
  {
    "model": "core.saleitem",
    "pk": 144,
    "fields": {
      "active": true,
      "created_at": "2019-05-15T23:20:37.889Z",
      "modified_at": "2019-05-21T22:40:48.422Z",
      "sale": 9,
      "product": 9,
      "quantity": "20.000",
      "subtotal": null
    }
  },
  {
    "model": "core.saleitem",
    "pk": 145,
    "fields": {
      "active": true,
      "created_at": "2019-05-15T23:20:37.889Z",
      "modified_at": "2019-05-21T22:40:48.423Z",
      "sale": 8,
      "product": 12,
      "quantity": "20.000",
      "subtotal": null
    }
  },
  {
    "model": "core.saleitem",
    "pk": 146,
    "fields": {
      "active": true,
      "created_at": "2019-05-15T23:20:37.889Z",
      "modified_at": "2019-05-21T22:40:48.424Z",
      "sale": 23,
      "product": 33,
      "quantity": "100.000",
      "subtotal": null
    }
  },
  {
    "model": "core.saleitem",
    "pk": 147,
    "fields": {
      "active": true,
      "created_at": "2019-05-15T23:20:37.889Z",
      "modified_at": "2019-05-21T22:40:48.425Z",
      "sale": 1,
      "product": 38,
      "quantity": "600.000",
      "subtotal": null
    }
  },
  {
    "model": "core.saleitem",
    "pk": 148,
    "fields": {
      "active": true,
      "created_at": "2019-05-15T23:20:37.889Z",
      "modified_at": "2019-05-21T22:40:48.426Z",
      "sale": 34,
      "product": 51,
      "quantity": "500.000",
      "subtotal": null
    }
  },
  {
    "model": "core.saleitem",
    "pk": 149,
    "fields": {
      "active": true,
      "created_at": "2019-05-15T23:20:37.889Z",
      "modified_at": "2019-05-21T22:40:48.407Z",
      "sale": 23,
      "product": 59,
      "quantity": "400.000",
      "subtotal": null
    }
  },
  {
    "model": "core.saleitem",
    "pk": 150,
    "fields": {
      "active": true,
      "created_at": "2019-05-15T23:20:37.889Z",
      "modified_at": "2019-05-21T22:40:48.408Z",
      "sale": 32,
      "product": 52,
      "quantity": "300.000",
      "subtotal": null
    }
  },
  {
    "model": "core.saleitem",
    "pk": 151,
    "fields": {
      "active": true,
      "created_at": "2019-05-15T23:20:37.889Z",
      "modified_at": "2019-05-21T22:40:48.409Z",
      "sale": 31,
      "product": 61,
      "quantity": "34.000",
      "subtotal": null
    }
  },
  {
    "model": "core.saleitem",
    "pk": 152,
    "fields": {
      "active": true,
      "created_at": "2019-05-15T23:20:37.889Z",
      "modified_at": "2019-05-21T22:40:48.410Z",
      "sale": 32,
      "product": 62,
      "quantity": "67.000",
      "subtotal": null
    }
  },
  {
    "model": "core.saleitem",
    "pk": 153,
    "fields": {
      "active": true,
      "created_at": "2019-05-15T23:20:37.889Z",
      "modified_at": "2019-05-21T22:40:48.411Z",
      "sale": 33,
      "product": 63,
      "quantity": "23.000",
      "subtotal": null
    }
  },
  {
    "model": "core.saleitem",
    "pk": 154,
    "fields": {
      "active": true,
      "created_at": "2019-05-15T23:20:37.889Z",
      "modified_at": "2019-05-21T22:40:48.411Z",
      "sale": 34,
      "product": 64,
      "quantity": "13.000",
      "subtotal": null
    }
  },
  {
    "model": "core.saleitem",
    "pk": 155,
    "fields": {
      "active": true,
      "created_at": "2019-05-15T23:20:37.889Z",
      "modified_at": "2019-05-21T22:40:48.412Z",
      "sale": 35,
      "product": 65,
      "quantity": "1.000",
      "subtotal": null
    }
  },
  {
    "model": "core.saleitem",
    "pk": 156,
    "fields": {
      "active": true,
      "created_at": "2019-05-15T23:20:37.889Z",
      "modified_at": "2019-05-21T22:40:48.413Z",
      "sale": 25,
      "product": 66,
      "quantity": "29.000",
      "subtotal": null
    }
  },
  {
    "model": "core.saleitem",
    "pk": 157,
    "fields": {
      "active": true,
      "created_at": "2019-05-15T23:20:37.889Z",
      "modified_at": "2019-05-21T22:40:48.414Z",
      "sale": 34,
      "product": 67,
      "quantity": "15.000",
      "subtotal": null
    }
  },
  {
    "model": "core.saleitem",
    "pk": 158,
    "fields": {
      "active": true,
      "created_at": "2019-05-15T23:20:37.889Z",
      "modified_at": "2019-05-21T22:40:48.441Z",
      "sale": 31,
      "product": 68,
      "quantity": "27.000",
      "subtotal": null
    }
  },
  {
    "model": "core.saleitem",
    "pk": 159,
    "fields": {
      "active": true,
      "created_at": "2019-05-15T23:20:37.889Z",
      "modified_at": "2019-05-21T22:40:48.441Z",
      "sale": 32,
      "product": 69,
      "quantity": "21.000",
      "subtotal": null
    }
  },
  {
    "model": "core.saleitem",
    "pk": 160,
    "fields": {
      "active": true,
      "created_at": "2019-05-15T23:20:37.889Z",
      "modified_at": "2019-05-21T22:40:48.442Z",
      "sale": 33,
      "product": 70,
      "quantity": "22.000",
      "subtotal": null
    }
  },
  {
    "model": "core.saleitem",
    "pk": 161,
    "fields": {
      "active": true,
      "created_at": "2019-05-15T23:20:37.889Z",
      "modified_at": "2019-05-21T22:40:48.443Z",
      "sale": 31,
      "product": 61,
      "quantity": "17.000",
      "subtotal": null
    }
  },
  {
    "model": "core.saleitem",
    "pk": 162,
    "fields": {
      "active": true,
      "created_at": "2019-05-15T23:20:37.889Z",
      "modified_at": "2019-05-21T22:40:48.444Z",
      "sale": 32,
      "product": 63,
      "quantity": "23.000",
      "subtotal": null
    }
  },
  {
    "model": "core.saleitem",
    "pk": 163,
    "fields": {
      "active": true,
      "created_at": "2019-05-15T23:20:37.889Z",
      "modified_at": "2019-05-21T22:40:48.445Z",
      "sale": 33,
      "product": 65,
      "quantity": "14.000",
      "subtotal": null
    }
  },
  {
    "model": "core.saleitem",
    "pk": 164,
    "fields": {
      "active": true,
      "created_at": "2019-05-15T23:20:37.889Z",
      "modified_at": "2019-05-21T22:40:48.446Z",
      "sale": 34,
      "product": 64,
      "quantity": "10.000",
      "subtotal": null
    }
  },
  {
    "model": "core.saleitem",
    "pk": 165,
    "fields": {
      "active": true,
      "created_at": "2019-05-15T23:20:37.889Z",
      "modified_at": "2019-05-21T22:40:48.447Z",
      "sale": 35,
      "product": 65,
      "quantity": "19.000",
      "subtotal": null
    }
  },
  {
    "model": "core.saleitem",
    "pk": 166,
    "fields": {
      "active": true,
      "created_at": "2019-05-15T23:20:37.889Z",
      "modified_at": "2019-05-21T22:40:48.448Z",
      "sale": 25,
      "product": 66,
      "quantity": "18.000",
      "subtotal": null
    }
  },
  {
    "model": "core.saleitem",
    "pk": 167,
    "fields": {
      "active": true,
      "created_at": "2019-05-15T23:20:37.889Z",
      "modified_at": "2019-05-21T22:40:48.448Z",
      "sale": 34,
      "product": 67,
      "quantity": "17.000",
      "subtotal": null
    }
  },
  {
    "model": "core.saleitem",
    "pk": 168,
    "fields": {
      "active": true,
      "created_at": "2019-05-15T23:20:37.889Z",
      "modified_at": "2019-05-21T22:40:48.449Z",
      "sale": 31,
      "product": 68,
      "quantity": "6.000",
      "subtotal": null
    }
  },
  {
    "model": "core.saleitem",
    "pk": 169,
    "fields": {
      "active": true,
      "created_at": "2019-05-15T23:20:37.889Z",
      "modified_at": "2019-05-21T22:40:48.450Z",
      "sale": 33,
      "product": 70,
      "quantity": "15.000",
      "subtotal": null
    }
  },
  {
    "model": "core.saleitem",
    "pk": 170,
    "fields": {
      "active": true,
      "created_at": "2019-05-15T23:20:37.889Z",
      "modified_at": "2019-05-21T22:40:48.451Z",
      "sale": 32,
      "product": 61,
      "quantity": "32.000",
      "subtotal": null
    }
  },
  {
    "model": "core.saleitem",
    "pk": 171,
    "fields": {
      "active": true,
      "created_at": "2019-05-15T23:20:37.889Z",
      "modified_at": "2019-05-21T22:40:48.452Z",
      "sale": 33,
      "product": 62,
      "quantity": "4.000",
      "subtotal": null
    }
  },
  {
    "model": "core.saleitem",
    "pk": 172,
    "fields": {
      "active": true,
      "created_at": "2019-05-15T23:20:37.889Z",
      "modified_at": "2019-05-21T22:40:48.453Z",
      "sale": 34,
      "product": 63,
      "quantity": "11.000",
      "subtotal": null
    }
  },
  {
    "model": "core.saleitem",
    "pk": 173,
    "fields": {
      "active": true,
      "created_at": "2019-05-15T23:20:37.889Z",
      "modified_at": "2019-05-21T22:40:48.426Z",
      "sale": 35,
      "product": 64,
      "quantity": "23.000",
      "subtotal": null
    }
  },
  {
    "model": "core.saleitem",
    "pk": 174,
    "fields": {
      "active": true,
      "created_at": "2019-05-15T23:20:37.889Z",
      "modified_at": "2019-05-21T22:40:48.427Z",
      "sale": 25,
      "product": 65,
      "quantity": "12.000",
      "subtotal": null
    }
  },
  {
    "model": "core.saleitem",
    "pk": 175,
    "fields": {
      "active": true,
      "created_at": "2019-05-15T23:20:37.889Z",
      "modified_at": "2019-05-21T22:40:48.428Z",
      "sale": 34,
      "product": 67,
      "quantity": "10.000",
      "subtotal": null
    }
  },
  {
    "model": "core.saleitem",
    "pk": 176,
    "fields": {
      "active": true,
      "created_at": "2019-05-15T23:20:37.889Z",
      "modified_at": "2019-05-21T22:40:48.429Z",
      "sale": 17,
      "product": 1,
      "quantity": "10.000",
      "subtotal": null
    }
  },
  {
    "model": "core.saleitem",
    "pk": 177,
    "fields": {
      "active": true,
      "created_at": "2019-05-15T23:20:37.889Z",
      "modified_at": "2019-05-21T22:40:48.430Z",
      "sale": 18,
      "product": 1,
      "quantity": "10.000",
      "subtotal": null
    }
  },
  {
    "model": "core.saleitem",
    "pk": 178,
    "fields": {
      "active": true,
      "created_at": "2019-05-15T23:20:37.889Z",
      "modified_at": "2019-05-21T22:40:48.431Z",
      "sale": 19,
      "product": 1,
      "quantity": "10.000",
      "subtotal": null
    }
  },
  {
    "model": "core.saleitem",
    "pk": 179,
    "fields": {
      "active": true,
      "created_at": "2019-05-15T23:20:37.889Z",
      "modified_at": "2019-05-21T22:40:48.431Z",
      "sale": 20,
      "product": 1,
      "quantity": "10.000",
      "subtotal": null
    }
  },
  {
    "model": "core.saleitem",
    "pk": 180,
    "fields": {
      "active": true,
      "created_at": "2019-05-21T22:45:11.968Z",
      "modified_at": "2019-05-21T22:45:11.979Z",
      "sale": 1,
      "product": 1,
      "quantity": "200.000",
      "subtotal": "36000.0000"
    }
  },
  {
    "model": "core.saleitem",
    "pk": 181,
    "fields": {
      "active": true,
      "created_at": "2019-05-22T00:30:11.492Z",
      "modified_at": "2019-05-22T00:30:11.493Z",
      "sale": 100,
      "product": 1,
      "quantity": "10.000",
      "subtotal": "1800.0000"
    }
  },
  {
    "model": "core.saleitem",
    "pk": 184,
    "fields": {
      "active": true,
      "created_at": "2019-05-22T00:36:39.338Z",
      "modified_at": "2019-05-22T00:36:39.340Z",
      "sale": 103,
      "product": 1,
      "quantity": "10.000",
      "subtotal": "1800.0000"
    }
  },
  {
    "model": "core.saleitem",
    "pk": 185,
    "fields": {
      "active": true,
      "created_at": "2019-05-22T00:44:13.124Z",
      "modified_at": "2019-05-22T00:44:13.126Z",
      "sale": 104,
      "product": 1,
      "quantity": "20.000",
      "subtotal": "3600.0000"
    }
  },
  {
    "model": "core.saleitem",
    "pk": 187,
    "fields": {
      "active": true,
      "created_at": "2019-05-23T01:35:43.778Z",
      "modified_at": "2019-05-23T01:35:43.783Z",
      "sale": 112,
      "product": 1,
      "quantity": "200.000",
      "subtotal": "36000.0000"
    }
  },
  {
    "model": "core.saleitem",
    "pk": 188,
    "fields": {
      "active": true,
      "created_at": "2019-05-23T01:36:40.432Z",
      "modified_at": "2019-05-23T01:36:40.439Z",
      "sale": 113,
      "product": 1,
      "quantity": "1000.000",
      "subtotal": "180000.0000"
    }
  },
  {
    "model": "core.saleitem",
    "pk": 189,
    "fields": {
      "active": true,
      "created_at": "2019-05-23T02:00:26.598Z",
      "modified_at": "2019-05-23T02:00:26.601Z",
      "sale": 121,
      "product": 1,
      "quantity": "700.000",
      "subtotal": "126000.0000"
    }
  },
  {
    "model": "core.saleitem",
    "pk": 190,
    "fields": {
      "active": true,
      "created_at": "2019-05-23T23:04:33.754Z",
      "modified_at": "2019-05-23T23:04:33.757Z",
      "sale": 122,
      "product": 1,
      "quantity": "2.000",
      "subtotal": "360.0000"
    }
  },
  {
    "model": "core.saleitem",
    "pk": 191,
    "fields": {
      "active": true,
      "created_at": "2019-05-23T23:05:38.572Z",
      "modified_at": "2019-05-23T23:05:38.573Z",
      "sale": 123,
      "product": 1,
      "quantity": "4.000",
      "subtotal": "720.0000"
    }
  },
  {
    "model": "core.saleitem",
    "pk": 192,
    "fields": {
      "active": true,
      "created_at": "2019-05-23T23:09:44.029Z",
      "modified_at": "2019-05-23T23:09:44.030Z",
      "sale": 124,
      "product": 3,
      "quantity": "1.000",
      "subtotal": "138.0000"
    }
  },
  {
    "model": "core.saleitem",
    "pk": 193,
    "fields": {
      "active": true,
      "created_at": "2019-05-23T23:14:50.188Z",
      "modified_at": "2019-05-23T23:14:50.189Z",
      "sale": 125,
      "product": 4,
      "quantity": "1.000",
      "subtotal": "240.0000"
    }
  },
  {
    "model": "core.saleitem",
    "pk": 194,
    "fields": {
      "active": true,
      "created_at": "2019-05-23T23:15:56.383Z",
      "modified_at": "2019-05-23T23:15:56.384Z",
      "sale": 126,
      "product": 3,
      "quantity": "1.000",
      "subtotal": "138.0000"
    }
  },
  {
    "model": "core.saleitem",
    "pk": 195,
    "fields": {
      "active": true,
      "created_at": "2019-05-23T23:16:27.230Z",
      "modified_at": "2019-05-23T23:16:27.231Z",
      "sale": 127,
      "product": 4,
      "quantity": "2.000",
      "subtotal": "480.0000"
    }
  },
  {
    "model": "core.saleitem",
    "pk": 196,
    "fields": {
      "active": true,
      "created_at": "2019-05-23T23:20:22.829Z",
      "modified_at": "2019-05-23T23:20:22.830Z",
      "sale": 128,
      "product": 4,
      "quantity": "2.000",
      "subtotal": "480.0000"
    }
  },
  {
    "model": "core.saleitem",
    "pk": 197,
    "fields": {
      "active": true,
      "created_at": "2019-05-23T23:24:03.583Z",
      "modified_at": "2019-05-23T23:24:03.584Z",
      "sale": 129,
      "product": 2,
      "quantity": "2.000",
      "subtotal": "300.0000"
    }
  },
  {
    "model": "core.saleitem",
    "pk": 198,
    "fields": {
      "active": true,
      "created_at": "2019-05-23T23:31:47.051Z",
      "modified_at": "2019-05-23T23:31:47.052Z",
      "sale": 130,
      "product": 3,
      "quantity": "1.000",
      "subtotal": "138.0000"
    }
  },
  {
    "model": "core.saleitem",
    "pk": 199,
    "fields": {
      "active": true,
      "created_at": "2019-05-23T23:31:47.057Z",
      "modified_at": "2019-05-23T23:31:47.058Z",
      "sale": 130,
      "product": 4,
      "quantity": "2.000",
      "subtotal": "480.0000"
    }
  },
  {
    "model": "core.meanspaymentsale",
    "pk": 4,
    "fields": {
      "active": true,
      "created_at": "2019-05-15T23:30:09.048Z",
      "modified_at": "2019-05-15T23:30:09.048Z",
      "sale": 1,
      "means_payment": 1,
      "value": "2267442.0000"
    }
  },
  {
    "model": "core.meanspaymentsale",
    "pk": 5,
    "fields": {
      "active": true,
      "created_at": "2019-05-15T23:30:09.048Z",
      "modified_at": "2019-05-15T23:30:09.048Z",
      "sale": 1,
      "means_payment": 2,
      "value": "2267442.0000"
    }
  },
  {
    "model": "core.meanspaymentsale",
    "pk": 6,
    "fields": {
      "active": true,
      "created_at": "2019-05-15T23:30:09.048Z",
      "modified_at": "2019-05-15T23:30:09.048Z",
      "sale": 2,
      "means_payment": 1,
      "value": "112809.0000"
    }
  },
  {
    "model": "core.meanspaymentsale",
    "pk": 7,
    "fields": {
      "active": true,
      "created_at": "2019-05-15T23:30:09.048Z",
      "modified_at": "2019-05-15T23:30:09.048Z",
      "sale": 2,
      "means_payment": 2,
      "value": "112809.0000"
    }
  },
  {
    "model": "core.meanspaymentsale",
    "pk": 8,
    "fields": {
      "active": true,
      "created_at": "2019-05-15T23:30:09.048Z",
      "modified_at": "2019-05-15T23:30:09.048Z",
      "sale": 3,
      "means_payment": 1,
      "value": "834.3000"
    }
  },
  {
    "model": "core.meanspaymentsale",
    "pk": 9,
    "fields": {
      "active": true,
      "created_at": "2019-05-15T23:30:09.048Z",
      "modified_at": "2019-05-15T23:30:09.048Z",
      "sale": 3,
      "means_payment": 2,
      "value": "834.3000"
    }
  },
  {
    "model": "core.meanspaymentsale",
    "pk": 10,
    "fields": {
      "active": true,
      "created_at": "2019-05-15T23:30:09.048Z",
      "modified_at": "2019-05-15T23:30:09.048Z",
      "sale": 4,
      "means_payment": 1,
      "value": "12100.8000"
    }
  },
  {
    "model": "core.meanspaymentsale",
    "pk": 11,
    "fields": {
      "active": true,
      "created_at": "2019-05-15T23:30:09.048Z",
      "modified_at": "2019-05-15T23:30:09.048Z",
      "sale": 4,
      "means_payment": 2,
      "value": "12100.8000"
    }
  },
  {
    "model": "core.meanspaymentsale",
    "pk": 12,
    "fields": {
      "active": true,
      "created_at": "2019-05-15T23:30:09.048Z",
      "modified_at": "2019-05-15T23:30:09.048Z",
      "sale": 5,
      "means_payment": 1,
      "value": "41685.0000"
    }
  },
  {
    "model": "core.meanspaymentsale",
    "pk": 13,
    "fields": {
      "active": true,
      "created_at": "2019-05-15T23:30:09.048Z",
      "modified_at": "2019-05-15T23:30:09.048Z",
      "sale": 5,
      "means_payment": 2,
      "value": "41685.0000"
    }
  },
  {
    "model": "core.meanspaymentsale",
    "pk": 14,
    "fields": {
      "active": true,
      "created_at": "2019-05-15T23:30:09.048Z",
      "modified_at": "2019-05-15T23:30:09.048Z",
      "sale": 6,
      "means_payment": 1,
      "value": "14400.0000"
    }
  },
  {
    "model": "core.meanspaymentsale",
    "pk": 15,
    "fields": {
      "active": true,
      "created_at": "2019-05-15T23:30:09.048Z",
      "modified_at": "2019-05-15T23:30:09.048Z",
      "sale": 6,
      "means_payment": 2,
      "value": "14400.0000"
    }
  },
  {
    "model": "core.meanspaymentsale",
    "pk": 16,
    "fields": {
      "active": true,
      "created_at": "2019-05-15T23:30:09.048Z",
      "modified_at": "2019-05-15T23:30:09.048Z",
      "sale": 7,
      "means_payment": 1,
      "value": "14400.0000"
    }
  },
  {
    "model": "core.meanspaymentsale",
    "pk": 17,
    "fields": {
      "active": true,
      "created_at": "2019-05-15T23:30:09.048Z",
      "modified_at": "2019-05-15T23:30:09.048Z",
      "sale": 7,
      "means_payment": 2,
      "value": "14400.0000"
    }
  },
  {
    "model": "core.meanspaymentsale",
    "pk": 18,
    "fields": {
      "active": true,
      "created_at": "2019-05-15T23:30:09.048Z",
      "modified_at": "2019-05-15T23:30:09.048Z",
      "sale": 8,
      "means_payment": 2,
      "value": "33600.0000"
    }
  },
  {
    "model": "core.meanspaymentsale",
    "pk": 19,
    "fields": {
      "active": true,
      "created_at": "2019-05-15T23:30:09.048Z",
      "modified_at": "2019-05-15T23:30:09.048Z",
      "sale": 9,
      "means_payment": 2,
      "value": "30960.0000"
    }
  },
  {
    "model": "core.meanspaymentsale",
    "pk": 20,
    "fields": {
      "active": true,
      "created_at": "2019-05-15T23:30:09.048Z",
      "modified_at": "2019-05-15T23:30:09.048Z",
      "sale": 10,
      "means_payment": 2,
      "value": "30900.0000"
    }
  },
  {
    "model": "core.meanspaymentsale",
    "pk": 21,
    "fields": {
      "active": true,
      "created_at": "2019-05-15T23:30:09.048Z",
      "modified_at": "2019-05-15T23:30:09.048Z",
      "sale": 11,
      "means_payment": 2,
      "value": "1256400.0000"
    }
  },
  {
    "model": "core.meanspaymentsale",
    "pk": 22,
    "fields": {
      "active": true,
      "created_at": "2019-05-15T23:30:09.048Z",
      "modified_at": "2019-05-15T23:30:09.048Z",
      "sale": 12,
      "means_payment": 2,
      "value": "157800.0000"
    }
  },
  {
    "model": "core.meanspaymentsale",
    "pk": 23,
    "fields": {
      "active": true,
      "created_at": "2019-05-15T23:30:09.048Z",
      "modified_at": "2019-05-15T23:30:09.048Z",
      "sale": 13,
      "means_payment": 2,
      "value": "1129440.0000"
    }
  },
  {
    "model": "core.meanspaymentsale",
    "pk": 24,
    "fields": {
      "active": true,
      "created_at": "2019-05-15T23:30:09.048Z",
      "modified_at": "2019-05-15T23:30:09.048Z",
      "sale": 14,
      "means_payment": 2,
      "value": "71400.0000"
    }
  },
  {
    "model": "core.meanspaymentsale",
    "pk": 25,
    "fields": {
      "active": true,
      "created_at": "2019-05-15T23:30:09.048Z",
      "modified_at": "2019-05-15T23:30:09.048Z",
      "sale": 15,
      "means_payment": 3,
      "value": "325500.0000"
    }
  },
  {
    "model": "core.meanspaymentsale",
    "pk": 26,
    "fields": {
      "active": true,
      "created_at": "2019-05-15T23:30:09.048Z",
      "modified_at": "2019-05-15T23:30:09.048Z",
      "sale": 16,
      "means_payment": 3,
      "value": "180000.0000"
    }
  },
  {
    "model": "core.meanspaymentsale",
    "pk": 27,
    "fields": {
      "active": true,
      "created_at": "2019-05-15T23:30:09.048Z",
      "modified_at": "2019-05-15T23:30:09.048Z",
      "sale": 17,
      "means_payment": 3,
      "value": "1800.0000"
    }
  },
  {
    "model": "core.meanspaymentsale",
    "pk": 28,
    "fields": {
      "active": true,
      "created_at": "2019-05-15T23:30:09.048Z",
      "modified_at": "2019-05-15T23:30:09.048Z",
      "sale": 18,
      "means_payment": 3,
      "value": "1800.0000"
    }
  },
  {
    "model": "core.meanspaymentsale",
    "pk": 29,
    "fields": {
      "active": true,
      "created_at": "2019-05-15T23:30:09.048Z",
      "modified_at": "2019-05-15T23:30:09.048Z",
      "sale": 19,
      "means_payment": 3,
      "value": "1800.0000"
    }
  },
  {
    "model": "core.meanspaymentsale",
    "pk": 30,
    "fields": {
      "active": true,
      "created_at": "2019-05-15T23:30:09.048Z",
      "modified_at": "2019-05-15T23:30:09.048Z",
      "sale": 20,
      "means_payment": 3,
      "value": "1800.0000"
    }
  },
  {
    "model": "core.meanspaymentsale",
    "pk": 31,
    "fields": {
      "active": true,
      "created_at": "2019-05-15T23:30:09.048Z",
      "modified_at": "2019-05-15T23:30:09.048Z",
      "sale": 21,
      "means_payment": 3,
      "value": "40908.0000"
    }
  },
  {
    "model": "core.meanspaymentsale",
    "pk": 32,
    "fields": {
      "active": true,
      "created_at": "2019-05-15T23:30:09.048Z",
      "modified_at": "2019-05-15T23:30:09.048Z",
      "sale": 22,
      "means_payment": 4,
      "value": "18600.0000"
    }
  },
  {
    "model": "core.meanspaymentsale",
    "pk": 33,
    "fields": {
      "active": true,
      "created_at": "2019-05-15T23:30:09.048Z",
      "modified_at": "2019-05-15T23:30:09.048Z",
      "sale": 23,
      "means_payment": 4,
      "value": "5958600.0000"
    }
  },
  {
    "model": "core.meanspaymentsale",
    "pk": 34,
    "fields": {
      "active": true,
      "created_at": "2019-05-15T23:30:09.048Z",
      "modified_at": "2019-05-15T23:30:09.048Z",
      "sale": 24,
      "means_payment": 4,
      "value": "40908.0000"
    }
  },
  {
    "model": "core.meanspaymentsale",
    "pk": 35,
    "fields": {
      "active": true,
      "created_at": "2019-05-15T23:30:09.048Z",
      "modified_at": "2019-05-15T23:30:09.048Z",
      "sale": 25,
      "means_payment": 4,
      "value": "20794908.0000"
    }
  },
  {
    "model": "core.meanspaymentsale",
    "pk": 36,
    "fields": {
      "active": true,
      "created_at": "2019-05-15T23:30:09.048Z",
      "modified_at": "2019-05-15T23:30:09.048Z",
      "sale": 26,
      "means_payment": 4,
      "value": "600000.0000"
    }
  },
  {
    "model": "core.meanspaymentsale",
    "pk": 37,
    "fields": {
      "active": true,
      "created_at": "2019-05-15T23:30:09.048Z",
      "modified_at": "2019-05-15T23:30:09.048Z",
      "sale": 27,
      "means_payment": 4,
      "value": "21000000.0000"
    }
  },
  {
    "model": "core.meanspaymentsale",
    "pk": 38,
    "fields": {
      "active": true,
      "created_at": "2019-05-15T23:30:09.048Z",
      "modified_at": "2019-05-15T23:30:09.048Z",
      "sale": 28,
      "means_payment": 4,
      "value": "216000.0000"
    }
  },
  {
    "model": "core.meanspaymentsale",
    "pk": 39,
    "fields": {
      "active": true,
      "created_at": "2019-05-15T23:30:09.048Z",
      "modified_at": "2019-05-15T23:30:09.048Z",
      "sale": 29,
      "means_payment": 5,
      "value": "772200.0000"
    }
  },
  {
    "model": "core.meanspaymentsale",
    "pk": 40,
    "fields": {
      "active": true,
      "created_at": "2019-05-15T23:30:09.048Z",
      "modified_at": "2019-05-15T23:30:09.048Z",
      "sale": 30,
      "means_payment": 5,
      "value": "42000.0000"
    }
  },
  {
    "model": "core.meanspaymentsale",
    "pk": 41,
    "fields": {
      "active": true,
      "created_at": "2019-05-15T23:30:09.048Z",
      "modified_at": "2019-05-15T23:30:09.048Z",
      "sale": 31,
      "means_payment": 5,
      "value": "2442000.0000"
    }
  },
  {
    "model": "core.meanspaymentsale",
    "pk": 42,
    "fields": {
      "active": true,
      "created_at": "2019-05-15T23:30:09.048Z",
      "modified_at": "2019-05-15T23:30:09.048Z",
      "sale": 32,
      "means_payment": 5,
      "value": "21109500.0000"
    }
  },
  {
    "model": "core.meanspaymentsale",
    "pk": 43,
    "fields": {
      "active": true,
      "created_at": "2019-05-15T23:30:09.048Z",
      "modified_at": "2019-05-15T23:30:09.048Z",
      "sale": 33,
      "means_payment": 5,
      "value": "7693980.0000"
    }
  },
  {
    "model": "core.meanspaymentsale",
    "pk": 44,
    "fields": {
      "active": true,
      "created_at": "2019-05-15T23:30:09.048Z",
      "modified_at": "2019-05-15T23:30:09.048Z",
      "sale": 34,
      "means_payment": 5,
      "value": "22648080.0000"
    }
  },
  {
    "model": "core.meanspaymentsale",
    "pk": 45,
    "fields": {
      "active": true,
      "created_at": "2019-05-15T23:30:09.048Z",
      "modified_at": "2019-05-15T23:30:09.048Z",
      "sale": 35,
      "means_payment": 5,
      "value": "7350000.0000"
    }
  },
  {
    "model": "core.stockaddress",
    "pk": 1,
    "fields": {
      "active": true,
      "created_at": "2019-05-21T23:43:40.257Z",
      "modified_at": "2019-05-21T23:43:40.257Z",
      "description": "SAIDA"
    }
  },
  {
    "model": "core.stockaddress",
    "pk": 2,
    "fields": {
      "active": true,
      "created_at": "2019-05-21T23:43:45.067Z",
      "modified_at": "2019-05-21T23:43:45.067Z",
      "description": "ENTRADA"
    }
  },
  {
    "model": "core.movementstock",
    "pk": 4,
    "fields": {
      "active": true,
      "created_at": "2019-05-22T00:36:39.336Z",
      "modified_at": "2019-05-22T00:36:39.336Z",
      "date": "2019-05-22",
      "stock_address": 1,
      "type": "O",
      "document": "103"
    }
  },
  {
    "model": "core.movementstock",
    "pk": 5,
    "fields": {
      "active": true,
      "created_at": "2019-05-22T00:44:13.122Z",
      "modified_at": "2019-05-22T00:44:13.122Z",
      "date": "2019-05-22",
      "stock_address": 1,
      "type": "O",
      "document": "104"
    }
  },
  {
    "model": "core.movementstock",
    "pk": 7,
    "fields": {
      "active": true,
      "created_at": "2019-05-23T01:35:43.771Z",
      "modified_at": "2019-05-23T01:35:43.771Z",
      "date": "2019-05-23",
      "stock_address": 1,
      "type": "O",
      "document": "112"
    }
  },
  {
    "model": "core.movementstock",
    "pk": 8,
    "fields": {
      "active": true,
      "created_at": "2019-05-23T01:36:40.425Z",
      "modified_at": "2019-05-23T01:36:40.425Z",
      "date": "2019-05-23",
      "stock_address": 1,
      "type": "O",
      "document": "113"
    }
  },
  {
    "model": "core.movementstock",
    "pk": 9,
    "fields": {
      "active": true,
      "created_at": "2019-05-23T02:00:26.630Z",
      "modified_at": "2019-05-23T02:00:26.630Z",
      "date": "2019-05-23",
      "stock_address": 1,
      "type": "O",
      "document": "121"
    }
  },
  {
    "model": "core.movementstock",
    "pk": 10,
    "fields": {
      "active": true,
      "created_at": "2019-05-23T23:04:33.785Z",
      "modified_at": "2019-05-23T23:04:33.785Z",
      "date": "2019-05-23",
      "stock_address": 1,
      "type": "O",
      "document": "122"
    }
  },
  {
    "model": "core.movementstock",
    "pk": 11,
    "fields": {
      "active": true,
      "created_at": "2019-05-23T23:05:38.610Z",
      "modified_at": "2019-05-23T23:05:38.610Z",
      "date": "2019-05-23",
      "stock_address": 1,
      "type": "O",
      "document": "123"
    }
  },
  {
    "model": "core.movementstock",
    "pk": 12,
    "fields": {
      "active": true,
      "created_at": "2019-05-23T23:09:44.054Z",
      "modified_at": "2019-05-23T23:09:44.054Z",
      "date": "2019-05-23",
      "stock_address": 1,
      "type": "O",
      "document": "124"
    }
  },
  {
    "model": "core.movementstock",
    "pk": 13,
    "fields": {
      "active": true,
      "created_at": "2019-05-23T23:16:51.752Z",
      "modified_at": "2019-05-23T23:16:51.752Z",
      "date": "2019-05-23",
      "stock_address": 1,
      "type": "O",
      "document": "125"
    }
  },
  {
    "model": "core.movementstock",
    "pk": 14,
    "fields": {
      "active": true,
      "created_at": "2019-05-23T23:16:51.767Z",
      "modified_at": "2019-05-23T23:16:51.767Z",
      "date": "2019-05-23",
      "stock_address": 1,
      "type": "O",
      "document": "126"
    }
  },
  {
    "model": "core.movementstock",
    "pk": 15,
    "fields": {
      "active": true,
      "created_at": "2019-05-23T23:16:51.780Z",
      "modified_at": "2019-05-23T23:16:51.780Z",
      "date": "2019-05-23",
      "stock_address": 1,
      "type": "O",
      "document": "127"
    }
  },
  {
    "model": "core.movementstock",
    "pk": 16,
    "fields": {
      "active": true,
      "created_at": "2019-05-23T23:24:05.771Z",
      "modified_at": "2019-05-23T23:24:05.771Z",
      "date": "2019-05-23",
      "stock_address": 1,
      "type": "O",
      "document": "129"
    }
  },
  {
    "model": "core.movementstock",
    "pk": 17,
    "fields": {
      "active": true,
      "created_at": "2019-05-23T23:31:49.533Z",
      "modified_at": "2019-05-23T23:31:49.533Z",
      "date": "2019-05-23",
      "stock_address": 1,
      "type": "O",
      "document": "130"
    }
  },
  {
    "model": "core.movementstockitem",
    "pk": 5,
    "fields": {
      "active": true,
      "created_at": "2019-05-22T00:36:39.346Z",
      "modified_at": "2019-05-22T00:36:39.346Z",
      "movement_stock": 4,
      "product": 1,
      "quantity": "10.000"
    }
  },
  {
    "model": "core.movementstockitem",
    "pk": 6,
    "fields": {
      "active": true,
      "created_at": "2019-05-22T00:44:13.132Z",
      "modified_at": "2019-05-22T00:44:13.132Z",
      "movement_stock": 5,
      "product": 1,
      "quantity": "20.000"
    }
  },
  {
    "model": "core.movementstockitem",
    "pk": 7,
    "fields": {
      "active": true,
      "created_at": "2019-05-23T01:35:53.049Z",
      "modified_at": "2019-05-23T01:35:53.049Z",
      "movement_stock": 7,
      "product": 1,
      "quantity": "200.000"
    }
  },
  {
    "model": "core.movementstockitem",
    "pk": 8,
    "fields": {
      "active": true,
      "created_at": "2019-05-23T01:36:42.501Z",
      "modified_at": "2019-05-23T01:36:42.501Z",
      "movement_stock": 8,
      "product": 1,
      "quantity": "1000.000"
    }
  },
  {
    "model": "core.movementstockitem",
    "pk": 9,
    "fields": {
      "active": true,
      "created_at": "2019-05-23T02:00:26.642Z",
      "modified_at": "2019-05-23T02:00:26.642Z",
      "movement_stock": 9,
      "product": 1,
      "quantity": "700.000"
    }
  },
  {
    "model": "core.movementstockitem",
    "pk": 10,
    "fields": {
      "active": true,
      "created_at": "2019-05-23T23:04:39.054Z",
      "modified_at": "2019-05-23T23:04:39.054Z",
      "movement_stock": 10,
      "product": 1,
      "quantity": "2.000"
    }
  },
  {
    "model": "core.movementstockitem",
    "pk": 11,
    "fields": {
      "active": true,
      "created_at": "2019-05-23T23:05:44.115Z",
      "modified_at": "2019-05-23T23:05:44.115Z",
      "movement_stock": 11,
      "product": 1,
      "quantity": "4.000"
    }
  },
  {
    "model": "core.movementstockitem",
    "pk": 12,
    "fields": {
      "active": true,
      "created_at": "2019-05-23T23:09:49.890Z",
      "modified_at": "2019-05-23T23:09:49.890Z",
      "movement_stock": 12,
      "product": 3,
      "quantity": "1.000"
    }
  },
  {
    "model": "core.movementstockitem",
    "pk": 13,
    "fields": {
      "active": true,
      "created_at": "2019-05-23T23:16:51.771Z",
      "modified_at": "2019-05-23T23:16:51.771Z",
      "movement_stock": 13,
      "product": 4,
      "quantity": "1.000"
    }
  },
  {
    "model": "core.movementstockitem",
    "pk": 14,
    "fields": {
      "active": true,
      "created_at": "2019-05-23T23:16:51.777Z",
      "modified_at": "2019-05-23T23:16:51.777Z",
      "movement_stock": 14,
      "product": 3,
      "quantity": "1.000"
    }
  },
  {
    "model": "core.movementstockitem",
    "pk": 15,
    "fields": {
      "active": true,
      "created_at": "2019-05-23T23:24:08.742Z",
      "modified_at": "2019-05-23T23:24:08.742Z",
      "movement_stock": 16,
      "product": 2,
      "quantity": "2.000"
    }
  },
  {
    "model": "core.movementstockitem",
    "pk": 16,
    "fields": {
      "active": true,
      "created_at": "2019-05-23T23:31:52.671Z",
      "modified_at": "2019-05-23T23:31:52.671Z",
      "movement_stock": 17,
      "product": 3,
      "quantity": "1.000"
    }
  },
  {
    "model": "core.movementstockitem",
    "pk": 17,
    "fields": {
      "active": true,
      "created_at": "2019-05-23T23:31:52.671Z",
      "modified_at": "2019-05-23T23:31:52.671Z",
      "movement_stock": 17,
      "product": 4,
      "quantity": "2.000"
    }
  },
  {
    "model": "auth.permission",
    "pk": 1,
    "fields": {
      "name": "Can add log entry",
      "content_type": 1,
      "codename": "add_logentry"
    }
  },
  {
    "model": "auth.permission",
    "pk": 2,
    "fields": {
      "name": "Can change log entry",
      "content_type": 1,
      "codename": "change_logentry"
    }
  },
  {
    "model": "auth.permission",
    "pk": 3,
    "fields": {
      "name": "Can delete log entry",
      "content_type": 1,
      "codename": "delete_logentry"
    }
  },
  {
    "model": "auth.permission",
    "pk": 4,
    "fields": {
      "name": "Can view log entry",
      "content_type": 1,
      "codename": "view_logentry"
    }
  },
  {
    "model": "auth.permission",
    "pk": 5,
    "fields": {
      "name": "Can add permission",
      "content_type": 2,
      "codename": "add_permission"
    }
  },
  {
    "model": "auth.permission",
    "pk": 6,
    "fields": {
      "name": "Can change permission",
      "content_type": 2,
      "codename": "change_permission"
    }
  },
  {
    "model": "auth.permission",
    "pk": 7,
    "fields": {
      "name": "Can delete permission",
      "content_type": 2,
      "codename": "delete_permission"
    }
  },
  {
    "model": "auth.permission",
    "pk": 8,
    "fields": {
      "name": "Can view permission",
      "content_type": 2,
      "codename": "view_permission"
    }
  },
  {
    "model": "auth.permission",
    "pk": 9,
    "fields": {
      "name": "Can add group",
      "content_type": 3,
      "codename": "add_group"
    }
  },
  {
    "model": "auth.permission",
    "pk": 10,
    "fields": {
      "name": "Can change group",
      "content_type": 3,
      "codename": "change_group"
    }
  },
  {
    "model": "auth.permission",
    "pk": 11,
    "fields": {
      "name": "Can delete group",
      "content_type": 3,
      "codename": "delete_group"
    }
  },
  {
    "model": "auth.permission",
    "pk": 12,
    "fields": {
      "name": "Can view group",
      "content_type": 3,
      "codename": "view_group"
    }
  },
  {
    "model": "auth.permission",
    "pk": 13,
    "fields": {
      "name": "Can add user",
      "content_type": 4,
      "codename": "add_user"
    }
  },
  {
    "model": "auth.permission",
    "pk": 14,
    "fields": {
      "name": "Can change user",
      "content_type": 4,
      "codename": "change_user"
    }
  },
  {
    "model": "auth.permission",
    "pk": 15,
    "fields": {
      "name": "Can delete user",
      "content_type": 4,
      "codename": "delete_user"
    }
  },
  {
    "model": "auth.permission",
    "pk": 16,
    "fields": {
      "name": "Can view user",
      "content_type": 4,
      "codename": "view_user"
    }
  },
  {
    "model": "auth.permission",
    "pk": 17,
    "fields": {
      "name": "Can add content type",
      "content_type": 5,
      "codename": "add_contenttype"
    }
  },
  {
    "model": "auth.permission",
    "pk": 18,
    "fields": {
      "name": "Can change content type",
      "content_type": 5,
      "codename": "change_contenttype"
    }
  },
  {
    "model": "auth.permission",
    "pk": 19,
    "fields": {
      "name": "Can delete content type",
      "content_type": 5,
      "codename": "delete_contenttype"
    }
  },
  {
    "model": "auth.permission",
    "pk": 20,
    "fields": {
      "name": "Can view content type",
      "content_type": 5,
      "codename": "view_contenttype"
    }
  },
  {
    "model": "auth.permission",
    "pk": 21,
    "fields": {
      "name": "Can add session",
      "content_type": 6,
      "codename": "add_session"
    }
  },
  {
    "model": "auth.permission",
    "pk": 22,
    "fields": {
      "name": "Can change session",
      "content_type": 6,
      "codename": "change_session"
    }
  },
  {
    "model": "auth.permission",
    "pk": 23,
    "fields": {
      "name": "Can delete session",
      "content_type": 6,
      "codename": "delete_session"
    }
  },
  {
    "model": "auth.permission",
    "pk": 24,
    "fields": {
      "name": "Can view session",
      "content_type": 6,
      "codename": "view_session"
    }
  },
  {
    "model": "auth.permission",
    "pk": 25,
    "fields": {
      "name": "Can add branch office",
      "content_type": 7,
      "codename": "add_branchoffice"
    }
  },
  {
    "model": "auth.permission",
    "pk": 26,
    "fields": {
      "name": "Can change branch office",
      "content_type": 7,
      "codename": "change_branchoffice"
    }
  },
  {
    "model": "auth.permission",
    "pk": 27,
    "fields": {
      "name": "Can delete branch office",
      "content_type": 7,
      "codename": "delete_branchoffice"
    }
  },
  {
    "model": "auth.permission",
    "pk": 28,
    "fields": {
      "name": "Can view branch office",
      "content_type": 7,
      "codename": "view_branchoffice"
    }
  },
  {
    "model": "auth.permission",
    "pk": 29,
    "fields": {
      "name": "Can add city",
      "content_type": 8,
      "codename": "add_city"
    }
  },
  {
    "model": "auth.permission",
    "pk": 30,
    "fields": {
      "name": "Can change city",
      "content_type": 8,
      "codename": "change_city"
    }
  },
  {
    "model": "auth.permission",
    "pk": 31,
    "fields": {
      "name": "Can delete city",
      "content_type": 8,
      "codename": "delete_city"
    }
  },
  {
    "model": "auth.permission",
    "pk": 32,
    "fields": {
      "name": "Can view city",
      "content_type": 8,
      "codename": "view_city"
    }
  },
  {
    "model": "auth.permission",
    "pk": 33,
    "fields": {
      "name": "Can add customer",
      "content_type": 9,
      "codename": "add_customer"
    }
  },
  {
    "model": "auth.permission",
    "pk": 34,
    "fields": {
      "name": "Can change customer",
      "content_type": 9,
      "codename": "change_customer"
    }
  },
  {
    "model": "auth.permission",
    "pk": 35,
    "fields": {
      "name": "Can delete customer",
      "content_type": 9,
      "codename": "delete_customer"
    }
  },
  {
    "model": "auth.permission",
    "pk": 36,
    "fields": {
      "name": "Can view customer",
      "content_type": 9,
      "codename": "view_customer"
    }
  },
  {
    "model": "auth.permission",
    "pk": 37,
    "fields": {
      "name": "Can add departament",
      "content_type": 10,
      "codename": "add_departament"
    }
  },
  {
    "model": "auth.permission",
    "pk": 38,
    "fields": {
      "name": "Can change departament",
      "content_type": 10,
      "codename": "change_departament"
    }
  },
  {
    "model": "auth.permission",
    "pk": 39,
    "fields": {
      "name": "Can delete departament",
      "content_type": 10,
      "codename": "delete_departament"
    }
  },
  {
    "model": "auth.permission",
    "pk": 40,
    "fields": {
      "name": "Can view departament",
      "content_type": 10,
      "codename": "view_departament"
    }
  },
  {
    "model": "auth.permission",
    "pk": 41,
    "fields": {
      "name": "Can add district",
      "content_type": 11,
      "codename": "add_district"
    }
  },
  {
    "model": "auth.permission",
    "pk": 42,
    "fields": {
      "name": "Can change district",
      "content_type": 11,
      "codename": "change_district"
    }
  },
  {
    "model": "auth.permission",
    "pk": 43,
    "fields": {
      "name": "Can delete district",
      "content_type": 11,
      "codename": "delete_district"
    }
  },
  {
    "model": "auth.permission",
    "pk": 44,
    "fields": {
      "name": "Can view district",
      "content_type": 11,
      "codename": "view_district"
    }
  },
  {
    "model": "auth.permission",
    "pk": 45,
    "fields": {
      "name": "Can add employee",
      "content_type": 12,
      "codename": "add_employee"
    }
  },
  {
    "model": "auth.permission",
    "pk": 46,
    "fields": {
      "name": "Can change employee",
      "content_type": 12,
      "codename": "change_employee"
    }
  },
  {
    "model": "auth.permission",
    "pk": 47,
    "fields": {
      "name": "Can delete employee",
      "content_type": 12,
      "codename": "delete_employee"
    }
  },
  {
    "model": "auth.permission",
    "pk": 48,
    "fields": {
      "name": "Can view employee",
      "content_type": 12,
      "codename": "view_employee"
    }
  },
  {
    "model": "auth.permission",
    "pk": 49,
    "fields": {
      "name": "Can add marital status",
      "content_type": 13,
      "codename": "add_maritalstatus"
    }
  },
  {
    "model": "auth.permission",
    "pk": 50,
    "fields": {
      "name": "Can change marital status",
      "content_type": 13,
      "codename": "change_maritalstatus"
    }
  },
  {
    "model": "auth.permission",
    "pk": 51,
    "fields": {
      "name": "Can delete marital status",
      "content_type": 13,
      "codename": "delete_maritalstatus"
    }
  },
  {
    "model": "auth.permission",
    "pk": 52,
    "fields": {
      "name": "Can view marital status",
      "content_type": 13,
      "codename": "view_maritalstatus"
    }
  },
  {
    "model": "auth.permission",
    "pk": 53,
    "fields": {
      "name": "Can add means payment",
      "content_type": 14,
      "codename": "add_meanspayment"
    }
  },
  {
    "model": "auth.permission",
    "pk": 54,
    "fields": {
      "name": "Can change means payment",
      "content_type": 14,
      "codename": "change_meanspayment"
    }
  },
  {
    "model": "auth.permission",
    "pk": 55,
    "fields": {
      "name": "Can delete means payment",
      "content_type": 14,
      "codename": "delete_meanspayment"
    }
  },
  {
    "model": "auth.permission",
    "pk": 56,
    "fields": {
      "name": "Can view means payment",
      "content_type": 14,
      "codename": "view_meanspayment"
    }
  },
  {
    "model": "auth.permission",
    "pk": 57,
    "fields": {
      "name": "Can add product",
      "content_type": 15,
      "codename": "add_product"
    }
  },
  {
    "model": "auth.permission",
    "pk": 58,
    "fields": {
      "name": "Can change product",
      "content_type": 15,
      "codename": "change_product"
    }
  },
  {
    "model": "auth.permission",
    "pk": 59,
    "fields": {
      "name": "Can delete product",
      "content_type": 15,
      "codename": "delete_product"
    }
  },
  {
    "model": "auth.permission",
    "pk": 60,
    "fields": {
      "name": "Can view product",
      "content_type": 15,
      "codename": "view_product"
    }
  },
  {
    "model": "auth.permission",
    "pk": 61,
    "fields": {
      "name": "Can add product group",
      "content_type": 16,
      "codename": "add_productgroup"
    }
  },
  {
    "model": "auth.permission",
    "pk": 62,
    "fields": {
      "name": "Can change product group",
      "content_type": 16,
      "codename": "change_productgroup"
    }
  },
  {
    "model": "auth.permission",
    "pk": 63,
    "fields": {
      "name": "Can delete product group",
      "content_type": 16,
      "codename": "delete_productgroup"
    }
  },
  {
    "model": "auth.permission",
    "pk": 64,
    "fields": {
      "name": "Can view product group",
      "content_type": 16,
      "codename": "view_productgroup"
    }
  },
  {
    "model": "auth.permission",
    "pk": 65,
    "fields": {
      "name": "Can add sale",
      "content_type": 17,
      "codename": "add_sale"
    }
  },
  {
    "model": "auth.permission",
    "pk": 66,
    "fields": {
      "name": "Can change sale",
      "content_type": 17,
      "codename": "change_sale"
    }
  },
  {
    "model": "auth.permission",
    "pk": 67,
    "fields": {
      "name": "Can delete sale",
      "content_type": 17,
      "codename": "delete_sale"
    }
  },
  {
    "model": "auth.permission",
    "pk": 68,
    "fields": {
      "name": "Can view sale",
      "content_type": 17,
      "codename": "view_sale"
    }
  },
  {
    "model": "auth.permission",
    "pk": 69,
    "fields": {
      "name": "Can add state",
      "content_type": 18,
      "codename": "add_state"
    }
  },
  {
    "model": "auth.permission",
    "pk": 70,
    "fields": {
      "name": "Can change state",
      "content_type": 18,
      "codename": "change_state"
    }
  },
  {
    "model": "auth.permission",
    "pk": 71,
    "fields": {
      "name": "Can delete state",
      "content_type": 18,
      "codename": "delete_state"
    }
  },
  {
    "model": "auth.permission",
    "pk": 72,
    "fields": {
      "name": "Can view state",
      "content_type": 18,
      "codename": "view_state"
    }
  },
  {
    "model": "auth.permission",
    "pk": 73,
    "fields": {
      "name": "Can add zone",
      "content_type": 19,
      "codename": "add_zone"
    }
  },
  {
    "model": "auth.permission",
    "pk": 74,
    "fields": {
      "name": "Can change zone",
      "content_type": 19,
      "codename": "change_zone"
    }
  },
  {
    "model": "auth.permission",
    "pk": 75,
    "fields": {
      "name": "Can delete zone",
      "content_type": 19,
      "codename": "delete_zone"
    }
  },
  {
    "model": "auth.permission",
    "pk": 76,
    "fields": {
      "name": "Can view zone",
      "content_type": 19,
      "codename": "view_zone"
    }
  },
  {
    "model": "auth.permission",
    "pk": 77,
    "fields": {
      "name": "Can add supplier",
      "content_type": 20,
      "codename": "add_supplier"
    }
  },
  {
    "model": "auth.permission",
    "pk": 78,
    "fields": {
      "name": "Can change supplier",
      "content_type": 20,
      "codename": "change_supplier"
    }
  },
  {
    "model": "auth.permission",
    "pk": 79,
    "fields": {
      "name": "Can delete supplier",
      "content_type": 20,
      "codename": "delete_supplier"
    }
  },
  {
    "model": "auth.permission",
    "pk": 80,
    "fields": {
      "name": "Can view supplier",
      "content_type": 20,
      "codename": "view_supplier"
    }
  },
  {
    "model": "auth.permission",
    "pk": 81,
    "fields": {
      "name": "Can add sale item",
      "content_type": 21,
      "codename": "add_saleitem"
    }
  },
  {
    "model": "auth.permission",
    "pk": 82,
    "fields": {
      "name": "Can change sale item",
      "content_type": 21,
      "codename": "change_saleitem"
    }
  },
  {
    "model": "auth.permission",
    "pk": 83,
    "fields": {
      "name": "Can delete sale item",
      "content_type": 21,
      "codename": "delete_saleitem"
    }
  },
  {
    "model": "auth.permission",
    "pk": 84,
    "fields": {
      "name": "Can view sale item",
      "content_type": 21,
      "codename": "view_saleitem"
    }
  },
  {
    "model": "auth.permission",
    "pk": 85,
    "fields": {
      "name": "Can add means payment sale",
      "content_type": 22,
      "codename": "add_meanspaymentsale"
    }
  },
  {
    "model": "auth.permission",
    "pk": 86,
    "fields": {
      "name": "Can change means payment sale",
      "content_type": 22,
      "codename": "change_meanspaymentsale"
    }
  },
  {
    "model": "auth.permission",
    "pk": 87,
    "fields": {
      "name": "Can delete means payment sale",
      "content_type": 22,
      "codename": "delete_meanspaymentsale"
    }
  },
  {
    "model": "auth.permission",
    "pk": 88,
    "fields": {
      "name": "Can view means payment sale",
      "content_type": 22,
      "codename": "view_meanspaymentsale"
    }
  },
  {
    "model": "auth.permission",
    "pk": 89,
    "fields": {
      "name": "Can add movement stock",
      "content_type": 23,
      "codename": "add_movementstock"
    }
  },
  {
    "model": "auth.permission",
    "pk": 90,
    "fields": {
      "name": "Can change movement stock",
      "content_type": 23,
      "codename": "change_movementstock"
    }
  },
  {
    "model": "auth.permission",
    "pk": 91,
    "fields": {
      "name": "Can delete movement stock",
      "content_type": 23,
      "codename": "delete_movementstock"
    }
  },
  {
    "model": "auth.permission",
    "pk": 92,
    "fields": {
      "name": "Can view movement stock",
      "content_type": 23,
      "codename": "view_movementstock"
    }
  },
  {
    "model": "auth.permission",
    "pk": 93,
    "fields": {
      "name": "Can add stock address",
      "content_type": 24,
      "codename": "add_stockaddress"
    }
  },
  {
    "model": "auth.permission",
    "pk": 94,
    "fields": {
      "name": "Can change stock address",
      "content_type": 24,
      "codename": "change_stockaddress"
    }
  },
  {
    "model": "auth.permission",
    "pk": 95,
    "fields": {
      "name": "Can delete stock address",
      "content_type": 24,
      "codename": "delete_stockaddress"
    }
  },
  {
    "model": "auth.permission",
    "pk": 96,
    "fields": {
      "name": "Can view stock address",
      "content_type": 24,
      "codename": "view_stockaddress"
    }
  },
  {
    "model": "auth.permission",
    "pk": 97,
    "fields": {
      "name": "Can add movement stock item",
      "content_type": 25,
      "codename": "add_movementstockitem"
    }
  },
  {
    "model": "auth.permission",
    "pk": 98,
    "fields": {
      "name": "Can change movement stock item",
      "content_type": 25,
      "codename": "change_movementstockitem"
    }
  },
  {
    "model": "auth.permission",
    "pk": 99,
    "fields": {
      "name": "Can delete movement stock item",
      "content_type": 25,
      "codename": "delete_movementstockitem"
    }
  },
  {
    "model": "auth.permission",
    "pk": 100,
    "fields": {
      "name": "Can view movement stock item",
      "content_type": 25,
      "codename": "view_movementstockitem"
    }
  },
  {
    "model": "auth.user",
    "pk": 1,
    "fields": {
      "password": "pbkdf2_sha256$150000$uSj9bI5y0yrK$NDxPybX59wQtvXapFo11G2gBzEq/z18/k29WRKFnqcU=",
      "last_login": "2019-05-23T23:04:20.120Z",
      "is_superuser": true,
      "username": "admin",
      "first_name": "",
      "last_name": "",
      "email": "",
      "is_staff": true,
      "is_active": true,
      "date_joined": "2019-05-21T23:42:34.240Z",
      "groups": [],
      "user_permissions": []
    }
  },
  {
    "model": "admin.logentry",
    "pk": 1,
    "fields": {
      "action_time": "2019-05-21T23:43:40.258Z",
      "user": 1,
      "content_type": 24,
      "object_id": "1",
      "object_repr": "StockAddress object (1)",
      "action_flag": 1,
      "change_message": "[{\"added\": {}}]"
    }
  },
  {
    "model": "admin.logentry",
    "pk": 2,
    "fields": {
      "action_time": "2019-05-21T23:43:45.068Z",
      "user": 1,
      "content_type": 24,
      "object_id": "2",
      "object_repr": "StockAddress object (2)",
      "action_flag": 1,
      "change_message": "[{\"added\": {}}]"
    }
  },
  {
    "model": "admin.logentry",
    "pk": 3,
    "fields": {
      "action_time": "2019-05-22T00:30:11.499Z",
      "user": 1,
      "content_type": 17,
      "object_id": "100",
      "object_repr": "Sale object (100)",
      "action_flag": 1,
      "change_message": "[{\"added\": {}}, {\"added\": {\"name\": \"sale item\", \"object\": \"SaleItem object (181)\"}}]"
    }
  },
  {
    "model": "admin.logentry",
    "pk": 4,
    "fields": {
      "action_time": "2019-05-22T00:36:39.349Z",
      "user": 1,
      "content_type": 17,
      "object_id": "103",
      "object_repr": "Sale object (103)",
      "action_flag": 1,
      "change_message": "[{\"added\": {}}, {\"added\": {\"name\": \"sale item\", \"object\": \"SaleItem object (184)\"}}]"
    }
  },
  {
    "model": "admin.logentry",
    "pk": 5,
    "fields": {
      "action_time": "2019-05-22T00:44:13.134Z",
      "user": 1,
      "content_type": 17,
      "object_id": "104",
      "object_repr": "Sale object (104)",
      "action_flag": 1,
      "change_message": "[{\"added\": {}}, {\"added\": {\"name\": \"sale item\", \"object\": \"SaleItem object (185)\"}}]"
    }
  },
  {
    "model": "admin.logentry",
    "pk": 6,
    "fields": {
      "action_time": "2019-05-23T01:35:53.080Z",
      "user": 1,
      "content_type": 17,
      "object_id": "112",
      "object_repr": "Sale object (112)",
      "action_flag": 1,
      "change_message": "[{\"added\": {}}, {\"added\": {\"name\": \"sale item\", \"object\": \"SaleItem object (187)\"}}]"
    }
  },
  {
    "model": "admin.logentry",
    "pk": 7,
    "fields": {
      "action_time": "2019-05-23T01:36:42.506Z",
      "user": 1,
      "content_type": 17,
      "object_id": "113",
      "object_repr": "Sale object (113)",
      "action_flag": 1,
      "change_message": "[{\"added\": {}}, {\"added\": {\"name\": \"sale item\", \"object\": \"SaleItem object (188)\"}}]"
    }
  },
  {
    "model": "admin.logentry",
    "pk": 8,
    "fields": {
      "action_time": "2019-05-23T02:00:26.609Z",
      "user": 1,
      "content_type": 17,
      "object_id": "121",
      "object_repr": "Sale object (121)",
      "action_flag": 1,
      "change_message": "[{\"added\": {}}, {\"added\": {\"name\": \"sale item\", \"object\": \"SaleItem object (189)\"}}]"
    }
  },
  {
    "model": "admin.logentry",
    "pk": 9,
    "fields": {
      "action_time": "2019-05-23T23:04:33.761Z",
      "user": 1,
      "content_type": 17,
      "object_id": "122",
      "object_repr": "Sale object (122)",
      "action_flag": 1,
      "change_message": "[{\"added\": {}}, {\"added\": {\"name\": \"sale item\", \"object\": \"SaleItem object (190)\"}}]"
    }
  },
  {
    "model": "admin.logentry",
    "pk": 10,
    "fields": {
      "action_time": "2019-05-23T23:05:38.577Z",
      "user": 1,
      "content_type": 17,
      "object_id": "123",
      "object_repr": "Sale object (123)",
      "action_flag": 1,
      "change_message": "[{\"added\": {}}, {\"added\": {\"name\": \"sale item\", \"object\": \"SaleItem object (191)\"}}]"
    }
  },
  {
    "model": "admin.logentry",
    "pk": 11,
    "fields": {
      "action_time": "2019-05-23T23:09:44.033Z",
      "user": 1,
      "content_type": 17,
      "object_id": "124",
      "object_repr": "Sale object (124)",
      "action_flag": 1,
      "change_message": "[{\"added\": {}}, {\"added\": {\"name\": \"sale item\", \"object\": \"SaleItem object (192)\"}}]"
    }
  },
  {
    "model": "admin.logentry",
    "pk": 12,
    "fields": {
      "action_time": "2019-05-23T23:14:50.193Z",
      "user": 1,
      "content_type": 17,
      "object_id": "125",
      "object_repr": "Sale object (125)",
      "action_flag": 1,
      "change_message": "[{\"added\": {}}, {\"added\": {\"name\": \"sale item\", \"object\": \"SaleItem object (193)\"}}]"
    }
  },
  {
    "model": "admin.logentry",
    "pk": 13,
    "fields": {
      "action_time": "2019-05-23T23:15:56.387Z",
      "user": 1,
      "content_type": 17,
      "object_id": "126",
      "object_repr": "Sale object (126)",
      "action_flag": 1,
      "change_message": "[{\"added\": {}}, {\"added\": {\"name\": \"sale item\", \"object\": \"SaleItem object (194)\"}}]"
    }
  },
  {
    "model": "admin.logentry",
    "pk": 14,
    "fields": {
      "action_time": "2019-05-23T23:16:27.234Z",
      "user": 1,
      "content_type": 17,
      "object_id": "127",
      "object_repr": "Sale object (127)",
      "action_flag": 1,
      "change_message": "[{\"added\": {}}, {\"added\": {\"name\": \"sale item\", \"object\": \"SaleItem object (195)\"}}]"
    }
  },
  {
    "model": "admin.logentry",
    "pk": 15,
    "fields": {
      "action_time": "2019-05-23T23:20:22.833Z",
      "user": 1,
      "content_type": 17,
      "object_id": "128",
      "object_repr": "Sale object (128)",
      "action_flag": 1,
      "change_message": "[{\"added\": {}}, {\"added\": {\"name\": \"sale item\", \"object\": \"SaleItem object (196)\"}}]"
    }
  },
  {
    "model": "admin.logentry",
    "pk": 16,
    "fields": {
      "action_time": "2019-05-23T23:24:03.587Z",
      "user": 1,
      "content_type": 17,
      "object_id": "129",
      "object_repr": "Sale object (129)",
      "action_flag": 1,
      "change_message": "[{\"added\": {}}, {\"added\": {\"name\": \"sale item\", \"object\": \"SaleItem object (197)\"}}]"
    }
  },
  {
    "model": "admin.logentry",
    "pk": 17,
    "fields": {
      "action_time": "2019-05-23T23:31:47.061Z",
      "user": 1,
      "content_type": 17,
      "object_id": "130",
      "object_repr": "Sale object (130)",
      "action_flag": 1,
      "change_message": "[{\"added\": {}}, {\"added\": {\"name\": \"sale item\", \"object\": \"SaleItem object (198)\"}}, {\"added\": {\"name\": \"sale item\", \"object\": \"SaleItem object (199)\"}}]"
    }
  }
]